yop_kodu,year,lise_id,yerlesen_sayisi,school_type
110210039,2025,2512,1,4
110210039,2025,10213,1,4
110210039,2025,4909,1,4
110210039,2025,3053,1,4
110210057,2025,6770,1,4
110210057,2025,11621,1,4
110210057,2025,1787,1,4
110210057,2025,1693,1,4
110210057,2025,1363,1,4
110210057,2025,2977,1,4
110210057,2025,835,1,4
110210057,2025,3241,2,4
110210057,2025,252,1,2
110210057,2025,996,1,4
110210057,2025,4788,1,4
110210057,2025,1369,1,4
110210057,2025,1300,2,4
110210057,2025,3094,1,4
110210057,2025,1048,1,4
110210057,2025,7,1,4
110210057,2025,3648,1,3
110210057,2025,7999,1,3
110210057,2025,4379,1,1
110210057,2025,8963,1,3
110210057,2025,2770,1,5
110210057,2025,10,1,8
110210057,2025,3017,1,4
110210057,2025,1205,1,4
110210057,2025,1607,1,4
110210057,2025,3001,1,5
110210057,2025,2313,1,4
110210057,2025,2985,1,4
110210057,2025,463,1,4
110210057,2025,1618,1,4
110210057,2025,4840,1,4
110210057,2025,2791,1,4
110210057,2025,975,1,4
110210057,2025,276,2,4
110210057,2025,2987,2,4
110210057,2025,8874,1,4
110210057,2025,1143,1,4
110210057,2025,2753,1,4
110210057,2025,642,1,4
110210057,2025,1117,1,4
110210057,2025,7113,1,4
110210057,2025,3274,1,4
110210057,2025,832,1,4
110210075,2025,1444,1,4
110210075,2025,3360,1,4
110210075,2025,1143,1,4
110210075,2025,3030,1,4
110210075,2025,1694,1,2
110210075,2025,1406,1,0
110210075,2025,0,1,4
110210075,2025,2370,1,2
110210075,2025,1939,1,4
110210075,2025,2230,1,4
110210075,2025,5235,1,4
110210084,2025,3337,1,4
110210084,2025,1361,1,4
110210084,2025,1571,1,4
110210084,2025,3027,1,4
110210084,2025,1406,1,0
110210084,2025,3009,1,4
110210084,2025,47,1,4
110210084,2025,10385,1,4
110210084,2025,1551,1,2
110210084,2025,1815,1,4
110210084,2025,3835,1,4
110210084,2025,1674,1,4
110210084,2025,3241,1,4
110210084,2025,11095,1,4
110210084,2025,194,1,4
110210084,2025,3576,1,4
110210084,2025,1300,1,4
110210084,2025,2980,1,0
110210084,2025,4636,1,4
110210084,2025,3015,1,4
110210084,2025,1205,1,4
110210084,2025,4788,1,4
110210084,2025,1607,1,4
110210084,2025,3296,1,2
110210084,2025,3001,1,5
110210084,2025,383,1,4
110210084,2025,4183,1,4
110210084,2025,4028,1,0
110210084,2025,1685,1,2
110210084,2025,2090,1,4
110210084,2025,3020,1,4
110210084,2025,1618,1,4
110210084,2025,10,1,8
110210084,2025,2714,1,4
110210084,2025,4930,1,4
110210084,2025,3360,2,4
110210084,2025,4801,1,4
110210084,2025,3285,1,4
110210084,2025,5144,1,4
110210084,2025,7113,1,4
110210084,2025,3274,1,4
110210084,2025,7101,1,4
110210084,2025,3025,1,4
110210093,2025,1227,1,4
110210093,2025,3170,1,4
110210093,2025,2977,1,4
110210093,2025,8075,1,4
110210093,2025,3009,1,4
110210093,2025,8838,1,4
110210093,2025,1625,1,4
110210093,2025,7849,1,4
110210093,2025,1627,1,4
110210093,2025,1274,1,4
110210093,2025,3096,1,4
110210093,2025,194,2,4
110210093,2025,996,1,4
110210093,2025,4772,1,4
110210093,2025,3601,1,4
110210093,2025,1330,1,4
110210093,2025,3548,1,4
110210093,2025,1444,2,4
110210093,2025,8675,1,4
110210093,2025,820,1,2
110210093,2025,3214,1,4
110210093,2025,51,1,4
110210093,2025,1538,1,4
110210093,2025,10655,1,5
110210093,2025,3036,1,0
110210093,2025,3037,1,4
110210093,2025,133,1,4
110210093,2025,1321,1,4
110210093,2025,1585,1,4
110210093,2025,6532,1,4
110210093,2025,3085,1,4
110210093,2025,3412,1,4
110210093,2025,10,2,8
110210093,2025,4840,1,4
110210093,2025,4184,1,0
110210093,2025,1438,1,2
110210093,2025,2714,1,4
110210093,2025,3350,1,2
110210093,2025,3353,1,4
110210093,2025,642,1,4
110210093,2025,1550,2,4
110210093,2025,1315,1,4
110210093,2025,1693,1,4
110210109,2025,3030,3,4
110210109,2025,7490,1,4
110210109,2025,2475,1,4
110210109,2025,2995,1,4
110210109,2025,9146,1,4
110210109,2025,4360,1,4
110210109,2025,3242,1,4
110210109,2025,4804,2,4
110210109,2025,1300,1,4
110210109,2025,3053,1,4
110210109,2025,4788,2,4
110210109,2025,1444,1,4
110210109,2025,1370,1,4
110210109,2025,3281,1,4
110210109,2025,3067,1,4
110210109,2025,12241,1,4
110210109,2025,7,1,4
110210109,2025,3029,1,4
110210109,2025,1608,1,4
110210109,2025,5675,1,4
110210109,2025,3149,1,4
110210109,2025,3205,1,4
110210109,2025,4840,2,4
110210109,2025,7920,1,4
110210109,2025,3040,1,4
110210109,2025,2987,1,4
110210109,2025,1143,3,4
110210109,2025,11592,1,4
110210109,2025,3353,1,4
110210109,2025,7955,1,4
110210109,2025,1550,1,4
110210109,2025,3072,1,4
110210109,2025,10213,1,4
110210109,2025,1571,1,4
110210118,2025,3011,1,4
110210118,2025,9313,1,4
110210118,2025,3583,1,4
110210118,2025,7610,1,4
110210118,2025,2841,1,4
110210118,2025,8545,1,4
110210118,2025,8632,1,1
110210118,2025,3001,2,5
110210118,2025,463,1,4
110210118,2025,4194,1,4
110210118,2025,10,1,8
110210118,2025,2987,1,4
110210118,2025,12377,1,4
110210118,2025,7507,1,4
110210118,2025,10637,1,4
110210118,2025,11017,1,4
110210118,2025,3275,1,0
110210118,2025,2117,1,4
110210118,2025,9118,1,4
110210118,2025,1573,1,4
110210127,2025,8824,1,4
110210127,2025,412,1,4
110210127,2025,2,1,4
110210127,2025,4837,1,4
110210127,2025,856,1,4
110210127,2025,1330,1,4
110210127,2025,1300,1,4
110210127,2025,3015,1,4
110210127,2025,1676,1,4
110210127,2025,10618,1,5
110210127,2025,4897,1,4
110210127,2025,6460,2,4
110210127,2025,3813,1,4
110210127,2025,10,1,8
110210127,2025,3353,1,4
110210127,2025,11097,1,4
110210127,2025,3985,1,4
110210127,2025,1489,1,4
110210127,2025,52,1,4
110210127,2025,5101,1,4
110210136,2025,3104,1,4
110210136,2025,3367,1,4
110210136,2025,8545,1,4
110210136,2025,2771,1,4
110210136,2025,652,1,2
110210136,2025,5303,1,4
110210136,2025,10454,1,4
110210136,2025,5675,1,4
110210136,2025,7329,1,4
110210136,2025,3039,1,4
110210136,2025,301,1,8
110210136,2025,4840,1,4
110210136,2025,4184,1,0
110210136,2025,3405,1,0
110210136,2025,1143,1,4
110210136,2025,10826,1,4
110210136,2025,3285,1,4
110210136,2025,8162,1,4
110210136,2025,10,2,8
110210136,2025,9167,1,4
110210136,2025,8209,1,4
110210136,2025,252,1,2
110210136,2025,194,1,4
110210136,2025,1444,1,4
110210136,2025,12847,1,4
110210145,2025,252,1,2
110210145,2025,8667,1,4
110210145,2025,2484,1,4
110210145,2025,1048,1,4
110210145,2025,7132,1,4
110210145,2025,3751,1,4
110210145,2025,7722,1,5
110210145,2025,8632,1,1
110210145,2025,3019,1,4
110210145,2025,4434,1,4
110210145,2025,1279,1,4
110210145,2025,3360,1,4
110210145,2025,1143,2,4
110210145,2025,2776,1,4
110210145,2025,10,1,8
110210145,2025,3275,1,0
110210145,2025,3030,1,4
110210145,2025,3170,1,4
110210145,2025,2732,1,4
110210145,2025,3238,1,4
110210145,2025,8794,1,4
110210154,2025,7477,1,4
110210154,2025,7491,1,4
110210154,2025,5663,1,4
110210154,2025,8824,1,4
110210154,2025,9146,1,4
110210154,2025,1389,1,4
110210154,2025,3241,1,4
110210154,2025,1714,1,4
110210154,2025,2979,1,4
110210154,2025,8209,1,4
110210154,2025,2327,1,4
110210154,2025,1349,1,4
110210154,2025,996,1,4
110210154,2025,1368,1,4
110210154,2025,1300,2,4
110210154,2025,3053,1,4
110210154,2025,2654,1,4
110210154,2025,7611,1,4
110210154,2025,6039,1,4
110210154,2025,3751,1,4
110210154,2025,9109,1,5
110210154,2025,4788,1,4
110210154,2025,8109,1,5
110210154,2025,3704,1,7
110210154,2025,1205,1,4
110210154,2025,8873,1,4
110210154,2025,3037,1,4
110210154,2025,1608,1,4
110210154,2025,3402,1,4
110210154,2025,612,1,4
110210154,2025,1585,1,4
110210154,2025,3349,1,4
110210154,2025,1315,1,4
110210154,2025,463,1,4
110210154,2025,3039,1,4
110210154,2025,3360,1,4
110210154,2025,9584,1,4
110210154,2025,3073,1,4
110210154,2025,3337,1,4
110210154,2025,4009,1,4
110210154,2025,1571,1,4
110210172,2025,2497,1,4
110210172,2025,8327,1,4
110210172,2025,1787,1,4
110210172,2025,1068,1,4
110210172,2025,1363,1,4
110210172,2025,1571,1,4
110210172,2025,1489,1,4
110210172,2025,2475,1,4
110210172,2025,1073,1,4
110210172,2025,3011,1,4
110210172,2025,3096,1,4
110210172,2025,3238,2,4
110210172,2025,10405,1,4
110210172,2025,835,1,4
110210172,2025,2102,1,4
110210172,2025,7849,1,4
110210172,2025,3028,1,4
110210172,2025,637,1,4
110210172,2025,1274,1,4
110210172,2025,3242,1,4
110210172,2025,1411,1,4
110210172,2025,4788,1,4
110210172,2025,1300,1,4
110210172,2025,2980,1,0
110210172,2025,1444,1,4
110210172,2025,819,1,4
110210172,2025,8675,1,4
110210172,2025,3094,1,4
110210172,2025,2766,1,4
110210172,2025,8830,1,5
110210172,2025,4574,1,5
110210172,2025,8109,1,5
110210172,2025,10,6,8
110210172,2025,10200,1,5
110210172,2025,3715,1,3
110210172,2025,12921,1,3
110210172,2025,11160,1,5
110210172,2025,2771,3,4
110210172,2025,1205,1,4
110210172,2025,9116,1,4
110210172,2025,3335,1,4
110210172,2025,3037,1,4
110210172,2025,2313,1,4
110210172,2025,642,1,4
110210172,2025,3402,2,4
110210172,2025,3349,1,4
110210172,2025,1746,1,4
110210172,2025,8273,1,4
110210172,2025,276,1,4
110210172,2025,3405,1,0
110210172,2025,2987,1,4
110210172,2025,3360,1,4
110210172,2025,1143,3,4
110210172,2025,1461,1,4
110210172,2025,5144,1,4
110210172,2025,10799,1,4
110210172,2025,1026,2,4
110210172,2025,2512,1,4
110210172,2025,7955,1,4
110210172,2025,9964,1,4
110210181,2025,3242,1,4
110210181,2025,3364,1,4
110210181,2025,105,1,4
110210181,2025,1300,1,4
110210181,2025,3435,1,4
110210181,2025,5375,1,1
110210181,2025,4747,1,5
110210181,2025,2771,1,4
110210181,2025,3145,1,4
110210181,2025,1324,1,4
110210181,2025,10,2,8
110210181,2025,8874,1,4
110210181,2025,2512,1,4
110210181,2025,3275,2,0
110210181,2025,951,1,4
110210181,2025,4395,1,4
110210181,2025,1572,1,4
110210181,2025,2978,1,4
110210181,2025,1298,1,4
110210199,2025,3340,1,4
110210199,2025,1513,1,4
110210199,2025,8794,1,4
110210199,2025,8209,1,4
110210199,2025,194,1,4
110210199,2025,3242,1,4
110210199,2025,1300,2,4
110210199,2025,1946,1,4
110210199,2025,1444,1,4
110210199,2025,107,1,4
110210199,2025,503,1,4
110210199,2025,3435,1,4
110210199,2025,822,1,4
110210199,2025,2635,1,5
110210199,2025,8109,1,5
110210199,2025,1499,1,5
110210199,2025,10635,1,5
110210199,2025,6446,1,4
110210199,2025,3145,1,4
110210199,2025,463,1,4
110210199,2025,1614,1,4
110210199,2025,3166,1,4
110210199,2025,4195,1,4
110210199,2025,3149,1,4
110210199,2025,1438,1,2
110210199,2025,1440,1,4
110210199,2025,3360,1,4
110210199,2025,1122,1,4
110210199,2025,1657,1,4
110210199,2025,10,2,8
110210199,2025,3205,1,4
110210199,2025,3329,1,4
110210199,2025,4855,1,0
110210199,2025,2161,1,4
110210199,2025,1071,1,2
110210206,2025,10905,1,4
110210206,2025,3053,1,4
110210206,2025,6017,1,4
110210206,2025,2047,1,4
110210206,2025,10159,1,5
110210206,2025,12922,1,5
110210206,2025,8632,1,1
110210206,2025,4747,1,5
110210206,2025,2771,1,4
110210206,2025,3568,1,4
110210206,2025,7283,1,4
110210206,2025,9192,1,4
110210206,2025,1440,1,4
110210206,2025,5091,1,4
110210206,2025,301,1,8
110210206,2025,10,7,8
110210206,2025,3780,1,0
110210206,2025,1489,1,4
110210206,2025,3123,1,4
110210206,2025,9070,1,4
110210206,2025,194,1,4
110210215,2025,1300,1,4
110210215,2025,851,1,8
110210215,2025,7621,1,5
110210215,2025,3530,1,5
110210215,2025,7705,1,5
110210215,2025,2771,1,4
110210215,2025,3316,1,4
110210215,2025,3037,1,4
110210215,2025,2313,1,4
110210215,2025,5190,1,4
110210215,2025,3306,1,4
110210215,2025,11616,1,4
110210215,2025,4826,1,4
110210215,2025,2714,2,4
110210215,2025,3040,1,4
110210215,2025,2987,2,4
110210215,2025,3360,1,4
110210215,2025,8874,1,4
110210215,2025,1143,2,4
110210215,2025,4801,1,4
110210215,2025,1461,1,4
110210215,2025,51,1,4
110210215,2025,3177,1,4
110210215,2025,10,2,8
110210215,2025,1690,1,4
110210215,2025,1786,1,4
110210215,2025,10347,1,4
110210215,2025,3028,1,4
110210224,2025,3027,1,4
110210224,2025,1597,1,4
110210224,2025,2905,1,4
110210224,2025,4909,1,4
110210224,2025,3009,1,4
110210224,2025,3011,1,4
110210224,2025,5142,1,4
110210224,2025,194,1,4
110210224,2025,1476,1,4
110210224,2025,1300,2,4
110210224,2025,3835,1,4
110210224,2025,3053,1,4
110210224,2025,10564,1,4
110210224,2025,3530,1,5
110210224,2025,2771,1,4
110210224,2025,2999,1,4
110210224,2025,3037,1,4
110210224,2025,2313,1,4
110210224,2025,340,1,4
110210224,2025,3020,1,4
110210224,2025,1587,1,4
110210224,2025,4788,1,4
110210224,2025,301,2,8
110210224,2025,10,3,8
110210224,2025,3205,1,4
110210224,2025,10637,1,4
110210224,2025,7178,1,4
110210224,2025,8458,1,4
110210233,2025,1300,2,4
110210233,2025,3053,1,4
110210233,2025,12923,1,0
110210233,2025,3367,1,4
110210233,2025,6052,1,4
110210233,2025,8545,1,4
110210233,2025,6444,1,4
110210233,2025,3037,3,4
110210233,2025,3082,1,4
110210233,2025,11487,1,4
110210233,2025,10,2,8
110210233,2025,5675,1,4
110210233,2025,1585,1,4
110210233,2025,463,1,4
110210233,2025,2714,1,4
110210233,2025,2987,3,4
110210233,2025,8874,1,4
110210233,2025,4801,1,4
110210233,2025,2117,1,4
110210233,2025,4663,1,4
110210233,2025,1571,1,4
110210233,2025,7490,1,4
110210233,2025,8824,1,4
110210233,2025,3736,1,4
110210233,2025,3241,2,4
110210242,2025,3112,1,4
110210242,2025,3387,1,4
110210242,2025,1347,1,4
110210242,2025,1815,1,4
110210242,2025,1674,1,4
110210242,2025,412,1,4
110210242,2025,3601,1,4
110210242,2025,1300,1,4
110210242,2025,2980,1,0
110210242,2025,4143,1,4
110210242,2025,301,1,8
110210242,2025,2795,1,4
110210242,2025,1444,1,4
110210242,2025,1370,1,4
110210242,2025,3016,1,4
110210242,2025,3530,1,5
110210242,2025,1008,1,5
110210242,2025,7715,1,5
110210242,2025,3868,1,5
110210242,2025,2771,2,4
110210242,2025,2546,1,4
110210242,2025,10,3,8
110210242,2025,2418,1,4
110210242,2025,3082,1,4
110210242,2025,3664,1,0
110210242,2025,4029,1,4
110210242,2025,4466,1,4
110210242,2025,7920,1,4
110210242,2025,3040,1,4
110210242,2025,1440,1,4
110210242,2025,1143,2,4
110210242,2025,3285,1,4
110210242,2025,2701,1,4
110210242,2025,5144,1,4
110210242,2025,1117,1,4
110210242,2025,1924,1,4
110210242,2025,3030,1,4
110210242,2025,7465,1,4
110210269,2025,3228,4,2
110210269,2025,35,1,4
110210269,2025,2552,1,4
110210269,2025,8130,1,4
110210269,2025,715,1,4
110210269,2025,1403,2,2
110210269,2025,1701,4,2
110210269,2025,833,3,2
110210269,2025,4864,1,4
110210269,2025,3030,1,4
110210269,2025,1069,1,4
110210269,2025,1292,1,4
110210269,2025,51,1,4
110210269,2025,1071,2,2
110210269,2025,49,1,2
110210269,2025,632,1,4
110210269,2025,3429,1,4
110210269,2025,3387,1,4
110210269,2025,1551,1,2
110210269,2025,3238,1,4
110210269,2025,7849,1,4
110210269,2025,2370,2,2
110210269,2025,636,1,4
110210269,2025,4470,1,4
110210269,2025,3904,4,2
110210269,2025,9146,1,4
110210269,2025,2,1,4
110210269,2025,252,8,2
110210269,2025,867,1,4
110210269,2025,7894,1,4
110210269,2025,996,5,4
110210269,2025,1218,1,4
110210269,2025,3052,1,4
110210269,2025,3547,1,4
110210269,2025,10,1,8
110210269,2025,9973,1,4
110210269,2025,1410,1,4
110210269,2025,3159,2,2
110210269,2025,1444,1,4
110210269,2025,954,1,4
110210269,2025,107,2,4
110210269,2025,1412,1,2
110210269,2025,820,2,2
110210269,2025,2263,1,2
110210269,2025,3160,4,2
110210269,2025,201,2,2
110210269,2025,1413,2,4
110210269,2025,1048,2,4
110210269,2025,999,1,2
110210269,2025,7,1,4
110210269,2025,822,3,4
110210269,2025,527,1,2
110210269,2025,3215,1,5
110210269,2025,3783,1,3
110210269,2025,8093,2,3
110210269,2025,10021,1,5
110210269,2025,975,1,4
110210269,2025,6185,1,5
110210269,2025,8416,1,3
110210269,2025,790,1,3
110210269,2025,4958,1,3
110210269,2025,11337,1,3
110210269,2025,2108,1,5
110210269,2025,3732,1,3
110210269,2025,796,1,3
110210269,2025,3552,1,5
110210269,2025,7876,1,5
110210269,2025,2989,1,2
110210269,2025,3715,1,3
110210269,2025,3220,1,3
110210269,2025,3315,1,5
110210269,2025,1431,1,3
110210269,2025,2855,1,2
110210269,2025,1089,1,2
110210269,2025,9116,1,4
110210269,2025,1830,1,4
110210269,2025,1183,3,4
110210269,2025,1434,1,4
110210269,2025,832,4,4
110210269,2025,3664,1,0
110210269,2025,3665,7,2
110210269,2025,3402,1,4
110210269,2025,3224,1,4
110210269,2025,29,1,2
110210269,2025,1685,2,2
110210269,2025,4029,1,4
110210269,2025,3412,1,4
110210269,2025,1618,4,4
110210269,2025,8636,1,2
110210269,2025,139,3,4
110210269,2025,859,1,2
110210269,2025,3350,2,2
110210269,2025,3225,2,4
110210269,2025,5269,2,2
110210269,2025,1339,1,4
110210269,2025,1440,1,4
110210269,2025,3672,2,2
110210269,2025,1143,5,4
110210269,2025,3226,9,2
110210269,2025,1441,1,2
110210278,2025,4302,1,4
110210278,2025,10888,1,4
110210278,2025,979,1,4
110210278,2025,88,1,4
110210278,2025,403,1,4
110210278,2025,139,1,4
110210278,2025,8932,1,4
110210278,2025,693,1,2
110210278,2025,1406,1,0
110210278,2025,4256,1,4
110210278,2025,51,1,4
110210278,2025,2102,1,4
110210278,2025,222,1,4
110210278,2025,1,1,4
110210278,2025,5340,1,4
110210278,2025,193,1,2
110210278,2025,1714,1,4
110210278,2025,252,1,2
110210278,2025,5889,1,4
110210278,2025,5082,1,4
110210278,2025,4506,1,4
110210278,2025,3523,1,4
110210278,2025,5994,1,4
110210278,2025,814,1,4
110210278,2025,2213,1,4
110210278,2025,3160,1,2
110210278,2025,822,1,4
110210278,2025,8431,1,4
110210278,2025,5686,1,2
110210278,2025,2545,1,5
110210278,2025,6170,1,5
110210278,2025,3247,1,5
110210278,2025,10,5,8
110210278,2025,8144,1,7
110210278,2025,434,1,5
110210278,2025,10353,1,1
110210278,2025,8472,1,5
110210278,2025,2383,1,3
110210278,2025,12087,1,5
110210278,2025,7715,1,5
110210278,2025,2446,1,5
110210278,2025,1205,1,4
110210278,2025,1089,1,2
110210278,2025,2989,1,2
110210278,2025,98,1,4
110210278,2025,79,1,4
110210278,2025,3037,1,4
110210278,2025,1893,1,4
110210278,2025,236,1,2
110210278,2025,6475,1,4
110210278,2025,3233,1,4
110210278,2025,3084,1,4
110210278,2025,1685,1,2
110210278,2025,1283,1,4
110210278,2025,1450,1,4
110210278,2025,3468,1,4
110210278,2025,292,1,4
110210278,2025,276,1,4
110210278,2025,3350,1,2
110210278,2025,3225,1,4
110210278,2025,2141,1,0
110210278,2025,1962,1,0
110210278,2025,8874,1,4
110210278,2025,1122,1,4
110210278,2025,1242,1,4
110210278,2025,3327,1,4
110210278,2025,3395,1,4
110210278,2025,1026,1,4
110210278,2025,1536,1,4
110210278,2025,7101,1,4
110210321,2025,3228,1,2
110210321,2025,3407,1,4
110210321,2025,4855,2,0
110210321,2025,10937,1,4
110210321,2025,1315,1,4
110210321,2025,1701,1,2
110210321,2025,1694,1,2
110210321,2025,9118,1,4
110210321,2025,4358,1,0
110210321,2025,1071,1,2
110210321,2025,9234,1,4
110210321,2025,7018,1,4
110210321,2025,3339,1,4
110210321,2025,1073,1,4
110210321,2025,1230,1,4
110210321,2025,10647,1,4
110210321,2025,1107,1,4
110210321,2025,7849,1,4
110210321,2025,3028,1,4
110210321,2025,2370,2,2
110210321,2025,9146,1,4
110210321,2025,4788,3,4
110210321,2025,3241,1,4
110210321,2025,8209,1,4
110210321,2025,3242,1,4
110210321,2025,1475,1,2
110210321,2025,996,1,4
110210321,2025,3052,1,4
110210321,2025,1411,2,4
110210321,2025,1300,2,4
110210321,2025,2795,1,4
110210321,2025,1444,3,4
110210321,2025,10,2,8
110210321,2025,819,1,4
110210321,2025,9200,1,4
110210321,2025,822,1,4
110210321,2025,3345,1,5
110210321,2025,9171,1,5
110210321,2025,1830,1,4
110210321,2025,1183,1,4
110210321,2025,3296,1,2
110210321,2025,839,1,2
110210321,2025,1434,1,4
110210321,2025,1450,1,4
110210321,2025,1373,1,4
110210321,2025,4505,1,4
110210321,2025,1618,1,4
110210321,2025,1438,1,2
110210321,2025,3323,1,4
110210321,2025,3225,1,4
110210321,2025,1440,2,4
110210321,2025,3360,1,4
110210321,2025,1143,5,4
110210321,2025,1461,1,4
110210321,2025,7955,1,4
110210321,2025,1117,1,4
110210321,2025,3274,1,4
110210321,2025,832,3,4
110210339,2025,1673,1,4
110210339,2025,3030,1,4
110210339,2025,951,1,4
110210339,2025,3170,2,4
110210339,2025,1071,1,2
110210339,2025,1406,1,0
110210339,2025,3210,1,2
110210339,2025,1513,1,4
110210339,2025,3114,1,4
110210339,2025,1107,1,4
110210339,2025,3012,1,4
110210339,2025,7849,1,4
110210339,2025,2370,1,2
110210339,2025,3158,1,2
110210339,2025,3904,1,2
110210339,2025,3241,1,4
110210339,2025,5793,1,4
110210339,2025,1627,1,4
110210339,2025,252,1,2
110210339,2025,194,1,4
110210339,2025,996,3,4
110210339,2025,3835,1,4
110210339,2025,1629,1,4
110210339,2025,3052,1,4
110210339,2025,1410,1,4
110210339,2025,1411,3,4
110210339,2025,1232,1,4
110210339,2025,3548,1,4
110210339,2025,1300,1,4
110210339,2025,1946,1,4
110210339,2025,1444,2,4
110210339,2025,820,1,2
110210339,2025,4788,5,4
110210339,2025,3214,1,4
110210339,2025,1048,2,4
110210339,2025,1303,1,4
110210339,2025,3751,1,4
110210339,2025,8416,1,3
110210339,2025,7715,1,5
110210339,2025,2771,2,4
110210339,2025,1205,1,4
110210339,2025,652,1,2
110210339,2025,1607,1,4
110210339,2025,10,1,8
110210339,2025,2659,1,4
110210339,2025,1012,2,4
110210339,2025,3664,2,0
110210339,2025,3038,1,4
110210339,2025,5675,1,4
110210339,2025,1685,1,2
110210339,2025,3168,1,4
110210339,2025,3349,1,4
110210339,2025,3019,1,4
110210339,2025,1669,1,4
110210339,2025,642,1,4
110210339,2025,1618,1,4
110210339,2025,4065,1,2
110210339,2025,2714,1,4
110210339,2025,9023,1,4
110210339,2025,3350,2,2
110210339,2025,3225,1,4
110210339,2025,1440,1,4
110210339,2025,3672,1,2
110210339,2025,2987,2,4
110210339,2025,3360,1,4
110210339,2025,1450,1,4
110210339,2025,1143,5,4
110210339,2025,3351,1,4
110210339,2025,2552,1,4
110210339,2025,832,1,4
110210339,2025,3228,1,2
110210384,2025,1571,1,4
110210384,2025,8847,1,4
110210384,2025,10647,1,4
110210384,2025,3028,1,4
110210384,2025,7546,1,4
110210384,2025,1300,1,4
110210384,2025,7621,2,5
110210384,2025,11337,1,3
110210384,2025,9997,1,5
110210384,2025,3001,1,5
110210384,2025,9183,1,4
110210384,2025,2546,1,4
110210384,2025,4367,1,4
110210384,2025,2059,1,4
110210384,2025,6612,1,4
110210384,2025,3282,1,4
110210384,2025,3360,1,4
110210384,2025,1143,1,4
110210384,2025,12892,1,4
110210384,2025,10,2,8
110210384,2025,2988,1,4
110210384,2025,7101,1,4
110210384,2025,3354,1,4
110210384,2025,309,1,4
110210384,2025,1534,1,4
110210384,2025,5606,1,4
110210393,2025,3181,1,4
110210393,2025,3009,1,4
110210393,2025,4068,1,4
110210393,2025,1988,1,4
110210393,2025,1041,1,4
110210393,2025,856,1,4
110210393,2025,1300,2,4
110210393,2025,11970,1,4
110210393,2025,1048,1,4
110210393,2025,1685,1,2
110210393,2025,10,2,8
110210393,2025,6612,2,4
110210393,2025,3405,1,0
110210393,2025,1143,1,4
110210393,2025,3042,2,4
110210393,2025,4801,1,4
110210393,2025,9545,1,4
110210393,2025,12924,1,4
110210393,2025,625,1,4
110210393,2025,8930,1,4
110210393,2025,3026,1,4
110210393,2025,1571,1,4
110210393,2025,4664,1,4
110210409,2025,10385,1,4
110210409,2025,1625,1,4
110210409,2025,3736,1,4
110210409,2025,1274,1,4
110210409,2025,252,1,2
110210409,2025,4804,1,4
110210409,2025,1475,1,2
110210409,2025,1444,2,4
110210409,2025,3094,1,4
110210409,2025,9256,1,4
110210409,2025,3329,1,4
110210409,2025,1048,1,4
110210409,2025,8545,1,4
110210409,2025,7621,1,5
110210409,2025,3314,1,1
110210409,2025,10635,1,5
110210409,2025,3704,1,7
110210409,2025,2770,1,5
110210409,2025,3296,1,2
110210409,2025,2546,1,4
110210409,2025,5675,1,4
110210409,2025,1518,1,4
110210409,2025,1440,1,4
110210409,2025,2987,1,4
110210409,2025,1143,1,4
110210409,2025,8114,1,4
110210409,2025,7465,1,4
110210409,2025,2992,1,4
110210409,2025,2993,1,4
110210409,2025,1071,1,2
110210409,2025,1406,1,0
110210418,2025,7041,1,4
110210418,2025,0,1,4
110210418,2025,3254,1,4
110210418,2025,2479,1,4
110210418,2025,2231,1,4
110210418,2025,1444,1,4
110210418,2025,1236,1,5
110210418,2025,9109,1,5
110210418,2025,7229,1,5
110210418,2025,12925,1,7
110210418,2025,10,4,8
110210418,2025,11175,1,5
110210418,2025,5357,1,5
110210418,2025,11160,1,5
110210418,2025,12578,1,4
110210418,2025,8861,1,4
110210418,2025,3082,1,4
110210418,2025,2920,1,4
110210418,2025,3084,1,4
110210418,2025,3002,1,4
110210418,2025,813,1,4
110210418,2025,4560,1,4
110210418,2025,6076,1,4
110210418,2025,7183,1,4
110210418,2025,4097,1,4
110210418,2025,3407,1,4
110210418,2025,1571,1,4
110210418,2025,10413,2,4
110210427,2025,8824,1,4
110210427,2025,902,1,4
110210427,2025,11622,1,4
110210427,2025,836,1,4
110210427,2025,3160,2,2
110210427,2025,3751,1,4
110210427,2025,8629,1,5
110210427,2025,3868,1,5
110210427,2025,2789,1,4
110210427,2025,1435,1,4
110210427,2025,10,1,8
110210427,2025,1502,1,4
110210427,2025,2642,1,4
110210427,2025,4930,1,4
110210427,2025,1117,1,4
110210427,2025,4416,1,4
110210427,2025,7477,1,4
110210427,2025,1071,1,2
110210427,2025,1197,1,4
110210427,2025,1230,1,4
110210427,2025,3028,1,4
110210436,2025,1489,1,4
110210436,2025,1641,1,4
110210436,2025,8209,1,4
110210436,2025,1475,1,2
110210436,2025,1630,1,4
110210436,2025,2482,1,4
110210436,2025,8545,1,4
110210436,2025,3530,1,5
110210436,2025,4407,1,5
110210436,2025,8466,1,1
110210436,2025,51,1,4
110210436,2025,1499,1,5
110210436,2025,3715,1,3
110210436,2025,3001,1,5
110210436,2025,3145,1,4
110210436,2025,1435,1,4
110210436,2025,3084,1,4
110210436,2025,5675,1,4
110210436,2025,1015,1,4
110210436,2025,6575,1,4
110210436,2025,8974,1,4
110210436,2025,3166,1,4
110210436,2025,10496,1,4
110210436,2025,1143,1,4
110210436,2025,10,2,8
110210436,2025,1117,1,4
110210436,2025,2210,1,4
110210436,2025,1463,2,4
110210436,2025,1192,1,4
110210436,2025,8114,1,4
110210445,2025,1298,1,4
110210445,2025,8981,1,4
110210445,2025,11488,1,4
110210445,2025,1300,1,4
110210445,2025,3867,2,5
110210445,2025,5394,2,5
110210445,2025,3530,1,5
110210445,2025,4407,1,5
110210445,2025,7241,1,5
110210445,2025,4898,1,5
110210445,2025,3096,1,4
110210445,2025,1008,1,5
110210445,2025,2158,1,5
110210445,2025,2771,1,4
110210445,2025,1893,1,4
110210445,2025,1373,1,4
110210445,2025,3350,1,2
110210445,2025,1284,1,4
110210445,2025,10,1,8
110210445,2025,1361,1,4
110210445,2025,8075,1,4
110210445,2025,3028,1,4
110210445,2025,1366,1,4
110210445,2025,3049,1,4
110210445,2025,252,1,2
110210454,2025,4910,1,4
110210454,2025,7849,1,4
110210454,2025,3736,1,4
110210454,2025,1252,1,4
110210454,2025,2695,1,4
110210454,2025,1646,1,4
110210454,2025,4544,1,4
110210454,2025,3867,1,5
110210454,2025,921,1,5
110210454,2025,3530,1,5
110210454,2025,6809,1,4
110210454,2025,8629,1,5
110210454,2025,3040,1,4
110210454,2025,1143,2,4
110210454,2025,4788,1,4
110210454,2025,10,1,8
110210454,2025,11631,1,0
110210454,2025,3073,1,4
110210454,2025,4864,1,4
110210454,2025,2600,1,4
110210454,2025,3339,1,4
110210463,2025,8209,1,4
110210463,2025,1300,1,4
110210463,2025,1444,1,4
110210463,2025,8675,1,4
110210463,2025,1676,1,4
110210463,2025,11554,1,1
110210463,2025,3530,1,5
110210463,2025,2108,1,5
110210463,2025,3163,1,3
110210463,2025,3715,1,3
110210463,2025,5711,1,4
110210463,2025,846,1,5
110210463,2025,2771,1,4
110210463,2025,3325,1,4
110210463,2025,3042,1,4
110210463,2025,1622,1,4
110210463,2025,3073,1,4
110210463,2025,4009,1,4
110210463,2025,1571,1,4
110210463,2025,8896,1,4
110210463,2025,2992,1,4
110210463,2025,835,1,4
110210481,2025,2795,1,4
110210481,2025,11970,1,4
110210481,2025,2766,1,4
110210481,2025,4556,1,4
110210481,2025,9963,1,5
110210481,2025,7267,1,5
110210481,2025,7715,1,5
110210481,2025,1205,1,4
110210481,2025,3037,1,4
110210481,2025,179,1,4
110210481,2025,4788,1,4
110210481,2025,3349,1,4
110210481,2025,463,1,4
110210481,2025,1124,1,4
110210481,2025,6675,1,4
110210481,2025,1143,1,4
110210481,2025,10,1,8
110210481,2025,4768,1,4
110210481,2025,12924,1,4
110210481,2025,2117,1,4
110210481,2025,5662,1,4
110210481,2025,3277,1,4
110210481,2025,3053,1,4
110210506,2025,1403,1,2
110210506,2025,1160,1,4
110210506,2025,6869,1,4
110210506,2025,1673,1,4
110210506,2025,1195,1,4
110210506,2025,2041,1,4
110210506,2025,1513,1,4
110210506,2025,2,1,4
110210506,2025,996,1,4
110210506,2025,2072,1,4
110210506,2025,51,2,4
110210506,2025,819,1,4
110210506,2025,1370,1,4
110210506,2025,1765,1,4
110210506,2025,2961,1,0
110210506,2025,5300,1,5
110210506,2025,8109,1,5
110210506,2025,3530,1,5
110210506,2025,2354,1,5
110210506,2025,10417,1,5
110210506,2025,3219,1,3
110210506,2025,301,1,8
110210506,2025,2770,1,5
110210506,2025,1685,1,2
110210506,2025,7358,1,0
110210506,2025,2714,2,4
110210506,2025,3225,2,4
110210506,2025,2202,1,4
110210506,2025,1143,1,4
110210506,2025,3042,1,4
110210506,2025,1100,1,4
110210506,2025,10,2,8
110210506,2025,642,1,4
110210506,2025,1621,1,4
110210506,2025,1090,1,4
110210506,2025,5341,1,4
110210506,2025,1518,1,4
110210542,2025,8209,1,4
110210542,2025,3331,1,4
110210542,2025,996,1,4
110210542,2025,5912,1,4
110210542,2025,954,1,4
110210542,2025,107,1,4
110210542,2025,1048,1,4
110210542,2025,1676,1,4
110210542,2025,2266,1,5
110210542,2025,2771,1,4
110210542,2025,614,1,2
110210542,2025,8202,1,4
110210542,2025,3350,1,2
110210542,2025,11713,1,4
110210542,2025,51,1,4
110210542,2025,1319,1,4
110210542,2025,1541,1,4
110210542,2025,10,1,8
110210542,2025,1593,1,4
110210542,2025,2370,1,2
110210542,2025,1297,1,4
110210551,2025,3355,1,2
110210551,2025,3006,1,4
110210551,2025,1403,2,2
110210551,2025,2065,1,4
110210551,2025,804,1,4
110210551,2025,1069,1,4
110210551,2025,1071,1,2
110210551,2025,7004,1,4
110210551,2025,407,1,4
110210551,2025,1230,1,4
110210551,2025,3306,1,4
110210551,2025,3904,1,2
110210551,2025,1627,1,4
110210551,2025,252,7,2
110210551,2025,3431,1,2
110210551,2025,996,1,4
110210551,2025,116,1,2
110210551,2025,1410,1,4
110210551,2025,4773,1,4
110210551,2025,107,1,4
110210551,2025,1412,1,2
110210551,2025,51,1,4
110210551,2025,820,1,2
110210551,2025,3160,1,2
110210551,2025,1413,1,4
110210551,2025,822,2,4
110210551,2025,3016,2,4
110210551,2025,1448,1,5
110210551,2025,2771,1,4
110210551,2025,652,1,2
110210551,2025,1830,1,4
110210551,2025,1183,1,4
110210551,2025,3166,1,4
110210551,2025,3001,1,5
110210551,2025,1893,1,4
110210551,2025,839,1,2
110210551,2025,1434,1,4
110210551,2025,3665,1,2
110210551,2025,1634,1,4
110210551,2025,3412,1,4
110210551,2025,1618,1,4
110210551,2025,1438,1,2
110210551,2025,8049,1,5
110210551,2025,1541,1,4
110210551,2025,276,1,4
110210551,2025,3350,3,2
110210551,2025,1339,1,4
110210551,2025,1440,3,4
110210551,2025,2987,1,4
110210551,2025,3360,1,4
110210551,2025,3226,1,2
110210551,2025,1326,1,2
110210551,2025,1100,1,4
110210551,2025,3062,1,4
110210551,2025,10,1,8
110210551,2025,3118,1,4
110210551,2025,1450,1,4
110210551,2025,832,1,4
110210551,2025,139,1,4
110210578,2025,1693,1,4
110210578,2025,4009,1,4
110210578,2025,2621,1,4
110210578,2025,8075,1,4
110210578,2025,835,2,4
110210578,2025,9167,1,4
110210578,2025,5793,1,4
110210578,2025,996,1,4
110210578,2025,3548,1,4
110210578,2025,1444,1,4
110210578,2025,3166,1,4
110210578,2025,1676,1,4
110210578,2025,1008,1,5
110210578,2025,3036,2,0
110210578,2025,6575,1,4
110210578,2025,3412,1,4
110210578,2025,4184,1,0
110210578,2025,4434,1,4
110210578,2025,1143,2,4
110210578,2025,3042,1,4
110210578,2025,10,2,8
110210578,2025,3353,1,4
110210578,2025,642,1,4
110210578,2025,1671,1,4
110210578,2025,9965,1,4
110210578,2025,1343,1,4
110210578,2025,11066,1,4
110210587,2025,1071,2,2
110210587,2025,2475,1,4
110210587,2025,2122,1,4
110210587,2025,835,1,4
110210587,2025,252,1,2
110210587,2025,3431,1,2
110210587,2025,1412,1,2
110210587,2025,820,1,2
110210587,2025,3868,1,5
110210587,2025,1205,1,4
110210587,2025,10,3,8
110210587,2025,652,2,2
110210587,2025,3223,1,4
110210587,2025,3665,1,2
110210587,2025,3002,1,4
110210587,2025,1618,1,4
110210587,2025,1438,1,2
110210587,2025,85,1,4
110210587,2025,3350,4,2
110210587,2025,1440,1,4
110210587,2025,1143,4,4
110210587,2025,642,1,4
110210587,2025,3226,1,2
110210587,2025,7113,1,4
110210587,2025,139,2,4
110210587,2025,1463,1,4
110210587,2025,3355,2,2
110210587,2025,5684,1,4
110210587,2025,833,1,2
110210596,2025,9118,1,4
110210596,2025,562,1,0
110210596,2025,8972,1,4
110210596,2025,2635,1,5
110210596,2025,2771,1,4
110210596,2025,3316,1,4
110210596,2025,6446,1,4
110210596,2025,8874,1,4
110210596,2025,1143,1,4
110210596,2025,3042,2,4
110210596,2025,4788,2,4
110210596,2025,1026,1,4
110210596,2025,301,1,8
110210596,2025,10,2,8
110210596,2025,1244,1,0
110210596,2025,1117,1,4
110210596,2025,3274,1,4
110210596,2025,9014,1,4
110210596,2025,1104,1,4
110210603,2025,3047,1,4
110210603,2025,10647,1,4
110210603,2025,7849,1,4
110210603,2025,1300,1,4
110210603,2025,11622,1,4
110210603,2025,3053,1,4
110210603,2025,851,1,8
110210603,2025,3798,1,4
110210603,2025,2766,1,4
110210603,2025,12766,1,1
110210603,2025,10,2,8
110210603,2025,10687,1,5
110210603,2025,2771,2,4
110210603,2025,3316,2,4
110210603,2025,3000,1,4
110210603,2025,5675,1,4
110210603,2025,4367,1,4
110210603,2025,3019,1,4
110210603,2025,3040,1,4
110210603,2025,3325,1,4
110210603,2025,3178,1,4
110210603,2025,3205,1,4
110210603,2025,3405,1,0
110210603,2025,2987,2,4
110210603,2025,8874,1,4
110210603,2025,4538,1,4
110210603,2025,6744,1,4
110210603,2025,7955,1,4
110210603,2025,2116,1,4
110210603,2025,1571,1,4
110210603,2025,38,1,4
110210603,2025,4068,1,4
110210603,2025,3123,1,4
110210612,2025,3194,1,4
110210612,2025,1143,2,4
110210612,2025,4801,1,4
110210612,2025,1311,1,4
110210612,2025,936,1,4
110210612,2025,4024,1,4
110210612,2025,10629,1,4
110210612,2025,3025,1,4
110210612,2025,1315,1,4
110210612,2025,8930,1,4
110210612,2025,6849,1,4
110210612,2025,2116,1,4
110210612,2025,1596,1,4
110210612,2025,3007,1,4
110210612,2025,1571,2,4
110210612,2025,1842,1,4
110210612,2025,9234,1,4
110210612,2025,3030,1,4
110210612,2025,7465,1,4
110210612,2025,1597,1,4
110210612,2025,9118,1,4
110210612,2025,4606,1,4
110210612,2025,8932,1,4
110210612,2025,3170,1,4
110210612,2025,2977,3,4
110210612,2025,1489,1,4
110210612,2025,2993,1,4
110210612,2025,301,21,8
110210612,2025,7018,3,4
110210612,2025,3011,1,4
110210612,2025,2350,1,4
110210612,2025,9313,1,4
110210612,2025,8824,1,4
110210612,2025,3254,1,4
110210612,2025,7801,1,4
110210612,2025,3241,5,4
110210612,2025,1714,1,4
110210612,2025,2625,1,4
110210612,2025,10,9,8
110210612,2025,194,3,4
110210612,2025,4837,1,4
110210612,2025,5885,1,4
110210612,2025,996,1,4
110210612,2025,1629,3,4
110210612,2025,5960,1,4
110210612,2025,3280,2,4
110210612,2025,3134,1,4
110210612,2025,3965,1,4
110210612,2025,1300,2,4
110210612,2025,8945,2,4
110210612,2025,3053,2,4
110210612,2025,851,1,8
110210612,2025,1444,2,4
110210612,2025,3104,2,4
110210612,2025,3015,1,4
110210612,2025,7610,3,4
110210612,2025,1233,1,4
110210612,2025,3137,1,4
110210612,2025,3749,1,4
110210612,2025,3140,1,4
110210612,2025,10637,1,4
110210612,2025,9256,1,4
110210612,2025,1676,1,4
110210612,2025,3034,1,4
110210612,2025,12926,1,4
110210612,2025,3256,1,4
110210612,2025,7621,1,5
110210612,2025,8109,1,5
110210612,2025,3530,1,5
110210612,2025,3316,1,4
110210612,2025,3017,1,4
110210612,2025,3274,1,4
110210612,2025,1205,2,4
110210612,2025,10035,1,4
110210612,2025,6410,1,4
110210612,2025,3001,1,5
110210612,2025,11620,1,4
110210612,2025,3082,1,4
110210612,2025,1608,4,4
110210612,2025,2920,1,4
110210612,2025,6460,1,4
110210612,2025,3145,1,4
110210612,2025,4605,1,4
110210612,2025,3038,1,4
110210612,2025,3084,2,4
110210612,2025,1585,1,4
110210612,2025,2682,1,4
110210612,2025,4613,1,4
110210612,2025,3019,1,4
110210612,2025,3149,2,4
110210612,2025,1618,1,4
110210612,2025,3021,1,4
110210612,2025,2714,1,4
110210612,2025,10533,1,4
110210612,2025,2791,1,4
110210612,2025,7920,3,4
110210612,2025,3040,1,4
110210612,2025,3325,1,4
110210612,2025,3152,1,4
110210612,2025,3405,1,0
110210612,2025,1483,1,4
110210612,2025,2987,3,4
110210612,2025,3360,2,4
110210612,2025,8874,2,4
110210639,2025,3356,1,4
110210639,2025,1444,1,4
110210639,2025,6052,1,4
110210639,2025,11016,1,5
110210639,2025,3530,1,5
110210639,2025,1008,1,5
110210639,2025,7715,1,5
110210639,2025,3715,1,3
110210639,2025,10635,1,5
110210639,2025,2770,1,5
110210639,2025,51,1,4
110210639,2025,3037,1,4
110210639,2025,2920,2,4
110210639,2025,3665,1,2
110210639,2025,3019,1,4
110210639,2025,6607,1,4
110210639,2025,2791,1,4
110210639,2025,1143,3,4
110210639,2025,2552,1,4
110210639,2025,10,3,8
110210639,2025,642,1,4
110210639,2025,2989,1,2
110210639,2025,7477,1,4
110210639,2025,10413,1,4
110210639,2025,1317,1,4
110210639,2025,996,1,4
110210657,2025,3715,1,3
110210657,2025,1685,1,2
110210657,2025,3282,1,4
110210657,2025,10,1,8
110210657,2025,1192,1,4
110210657,2025,10450,1,4
110210657,2025,7490,1,4
110210657,2025,5945,1,4
110210657,2025,3548,1,4
110210657,2025,1137,1,3
110210657,2025,2108,1,5
110210675,2025,3006,1,4
110210675,2025,2117,1,4
110210675,2025,1489,1,4
110210675,2025,3387,1,4
110210675,2025,2978,1,4
110210675,2025,1714,1,4
110210675,2025,4666,1,4
110210675,2025,4804,3,4
110210675,2025,4837,1,4
110210675,2025,3133,1,4
110210675,2025,3096,1,4
110210675,2025,1048,1,4
110210675,2025,1303,1,4
110210675,2025,8109,2,5
110210675,2025,7715,1,5
110210675,2025,3868,1,5
110210675,2025,10595,1,5
110210675,2025,4285,1,4
110210675,2025,3037,1,4
110210675,2025,463,1,4
110210675,2025,2939,1,4
110210675,2025,3240,1,4
110210675,2025,4196,1,4
110210675,2025,7358,1,0
110210675,2025,1587,1,4
110210675,2025,8874,1,4
110210675,2025,301,1,8
110210675,2025,10,7,8
110210675,2025,5144,1,4
110210675,2025,4347,1,4
110210675,2025,3072,2,4
110210675,2025,4855,1,0
110210709,2025,107,1,4
110210709,2025,1233,1,4
110210709,2025,3214,1,4
110210709,2025,2766,1,4
110210709,2025,5104,1,0
110210709,2025,1258,1,0
110210709,2025,10718,1,5
110210709,2025,2771,1,4
110210709,2025,3037,2,4
110210709,2025,3224,1,4
110210709,2025,642,1,4
110210709,2025,1265,1,4
110210709,2025,1585,1,4
110210709,2025,4840,1,4
110210709,2025,4827,1,2
110210709,2025,3350,1,2
110210709,2025,2451,3,0
110210709,2025,1398,1,4
110210709,2025,6732,1,4
110210709,2025,2552,1,4
110210709,2025,1712,1,4
110210709,2025,1406,1,0
110210709,2025,1625,1,4
110210709,2025,3242,2,4
110210709,2025,996,1,4
110210709,2025,3280,1,4
110210709,2025,954,1,4
110210718,2025,1444,1,4
110210718,2025,4033,1,4
110210718,2025,1048,1,4
110210718,2025,1034,1,1
110210718,2025,9997,1,5
110210718,2025,3704,1,7
110210718,2025,2771,1,4
110210718,2025,3037,1,4
110210718,2025,1685,1,2
110210718,2025,8974,1,4
110210718,2025,2499,1,4
110210718,2025,3151,1,4
110210718,2025,7920,1,4
110210718,2025,3226,1,2
110210718,2025,2993,1,4
110210718,2025,899,1,4
110210718,2025,7849,1,4
110210718,2025,3558,1,4
110210718,2025,8209,1,4
110210718,2025,996,1,4
110210718,2025,1408,1,4
110210727,2025,992,1,4
110210727,2025,8209,1,4
110210727,2025,3548,1,4
110210727,2025,1444,1,4
110210727,2025,7610,1,4
110210727,2025,9127,1,5
110210727,2025,8629,1,5
110210727,2025,7755,1,5
110210727,2025,2158,1,5
110210727,2025,4747,1,5
110210727,2025,1847,1,4
110210727,2025,10034,1,5
110210727,2025,2771,1,4
110210727,2025,3316,1,4
110210727,2025,3001,1,5
110210727,2025,1237,1,4
110210727,2025,3037,1,4
110210727,2025,1585,1,4
110210727,2025,3040,1,4
110210727,2025,3178,1,4
110210727,2025,1440,1,4
110210727,2025,4788,1,4
110210727,2025,3360,1,4
110210727,2025,10,3,8
110210727,2025,1787,2,4
110210727,2025,10415,1,4
110210727,2025,3277,1,4
110210727,2025,3011,1,4
110210727,2025,850,1,4
110290123,2025,2279,1,4
110290123,2025,1489,1,4
110290123,2025,1406,2,0
110290123,2025,4068,1,4
110290123,2025,5457,1,4
110290123,2025,12533,1,4
110290123,2025,10389,1,4
110290123,2025,2979,1,4
110290123,2025,8209,1,4
110290123,2025,4804,1,4
110290123,2025,51,1,4
110290123,2025,1216,1,4
110290123,2025,996,1,4
110290123,2025,2737,1,4
110290123,2025,3748,1,4
110290123,2025,1444,3,4
110290123,2025,819,1,4
110290123,2025,1303,1,4
110290123,2025,11023,1,3
110290123,2025,2771,1,4
110290123,2025,1205,1,4
110290123,2025,4788,1,4
110290123,2025,2824,1,4
110290123,2025,4028,1,0
110290123,2025,9169,1,4
110290123,2025,1685,1,2
110290123,2025,4029,1,4
110290123,2025,4323,1,4
110290123,2025,3058,1,4
110290123,2025,1587,1,4
110290123,2025,1143,1,4
110290123,2025,10,3,8
110290123,2025,37,1,4
110290123,2025,2393,1,4
110290123,2025,4009,1,4
110290123,2025,1571,1,4
110290123,2025,2205,1,4
110290124,2025,1199,1,4
110290124,2025,2368,1,4
110290124,2025,7849,1,4
110290124,2025,8209,1,4
110290124,2025,4804,1,4
110290124,2025,3343,1,4
110290124,2025,1444,1,4
110290124,2025,9218,1,4
110290124,2025,225,1,6
110290124,2025,3256,1,4
110290124,2025,51,1,4
110290124,2025,7621,1,5
110290124,2025,3530,1,5
110290124,2025,6280,1,5
110290124,2025,3868,1,5
110290124,2025,10635,1,5
110290124,2025,2770,1,5
110290124,2025,2313,1,4
110290124,2025,2714,1,4
110290124,2025,3040,1,4
110290124,2025,1440,1,4
110290124,2025,4788,1,4
110290124,2025,2987,1,4
110290124,2025,10,4,8
110290124,2025,3985,1,4
110290124,2025,1518,1,4
110290124,2025,1249,1,4
110290124,2025,8930,1,4
110290124,2025,1573,1,4
110290125,2025,996,1,4
110290125,2025,1444,1,4
110290125,2025,1370,1,4
110290125,2025,1048,1,4
110290125,2025,4681,1,4
110290125,2025,8545,1,4
110290125,2025,3530,1,5
110290125,2025,7715,1,5
110290125,2025,2770,1,5
110290125,2025,149,1,3
110290125,2025,3306,1,4
110290125,2025,12927,1,1
110290125,2025,2771,2,4
110290125,2025,3037,1,4
110290125,2025,2313,1,4
110290125,2025,3349,1,4
110290125,2025,463,1,4
110290125,2025,10,3,8
110290125,2025,1343,1,4
110290125,2025,2836,1,4
110290125,2025,3028,1,4
110290125,2025,2370,1,2
110290125,2025,8794,1,4
110290125,2025,2979,1,4
110290126,2025,1212,1,4
110290126,2025,1815,1,4
110290126,2025,3241,1,4
110290126,2025,2651,1,4
110290126,2025,1300,1,4
110290126,2025,1676,1,4
110290126,2025,2920,2,4
110290126,2025,3039,1,4
110290126,2025,3405,2,0
110290126,2025,2987,1,4
110290126,2025,3306,1,4
110290126,2025,1143,1,4
110290126,2025,3118,1,4
110290126,2025,10,1,8
110290126,2025,5144,1,4
110290126,2025,3327,1,4
110290126,2025,1489,1,4
110290126,2025,10413,1,4
110290126,2025,6984,1,0
110290126,2025,1572,1,4
110290155,2025,8930,1,4
110290155,2025,8966,1,4
110290155,2025,4009,1,4
110290155,2025,2805,1,4
110290155,2025,8209,1,4
110290155,2025,1300,1,4
110290155,2025,2771,1,4
110290155,2025,1830,1,4
110290155,2025,2546,1,4
110290155,2025,3037,1,4
110290155,2025,5131,1,4
110290155,2025,5675,1,4
110290155,2025,1585,1,4
110290155,2025,3325,1,4
110290155,2025,3405,1,0
110290155,2025,3360,1,4
110290155,2025,4801,1,4
110290155,2025,3118,1,4
110290155,2025,3177,1,4
110290155,2025,5084,1,4
110290155,2025,10,3,8
110290155,2025,3299,1,4
110290155,2025,1377,1,4
110290155,2025,3072,1,4
110290155,2025,3286,1,4
110290157,2025,4068,1,4
110290157,2025,3736,1,4
110290157,2025,8209,1,4
110290157,2025,3242,1,4
110290157,2025,9648,1,4
110290157,2025,9776,2,4
110290157,2025,2766,1,4
110290157,2025,7153,1,5
110290157,2025,2266,1,5
110290157,2025,3634,2,5
110290157,2025,3033,1,4
110290157,2025,9997,1,5
110290157,2025,3868,1,5
110290157,2025,3314,1,1
110290157,2025,1585,1,4
110290157,2025,3022,1,4
110290157,2025,8874,2,4
110290157,2025,5745,1,4
110290157,2025,1450,1,4
110290157,2025,2701,1,4
110290157,2025,2512,1,4
110290157,2025,1518,1,4
110290157,2025,10631,1,4
110290157,2025,5127,1,4
110290166,2025,3011,1,4
110290166,2025,160,1,4
110290166,2025,3544,1,4
110290166,2025,2370,1,2
110290166,2025,3736,1,4
110290166,2025,9475,1,4
110290166,2025,9149,1,4
110290166,2025,3053,1,4
110290166,2025,4957,1,4
110290166,2025,1444,1,4
110290166,2025,51,1,4
110290166,2025,4003,1,4
110290166,2025,3751,1,4
110290166,2025,8109,1,5
110290166,2025,4294,1,5
110290166,2025,3715,1,3
110290166,2025,6612,1,4
110290166,2025,3282,1,4
110290166,2025,8615,1,4
110290166,2025,10,3,8
110290166,2025,3353,1,4
110290166,2025,8896,1,4
110290166,2025,2977,1,4
110290166,2025,3277,1,4
110290166,2025,2475,1,4
110290168,2025,4009,1,4
110290168,2025,7906,1,4
110290168,2025,3736,1,4
110290168,2025,8794,1,4
110290168,2025,8209,1,4
110290168,2025,194,1,4
110290168,2025,4608,1,4
110290168,2025,996,2,4
110290168,2025,1300,1,4
110290168,2025,3053,1,4
110290168,2025,4788,1,4
110290168,2025,1444,3,4
110290168,2025,3016,2,4
110290168,2025,9997,1,5
110290168,2025,2546,1,4
110290168,2025,133,1,4
110290168,2025,2313,1,4
110290168,2025,4367,1,4
110290168,2025,1095,1,4
110290168,2025,3022,1,4
110290168,2025,3405,1,0
110290168,2025,10,8,8
110290168,2025,2987,1,4
110290168,2025,1143,1,4
110290168,2025,3285,1,4
110290168,2025,11631,1,0
110290168,2025,6737,1,4
110290168,2025,1343,1,4
110290168,2025,3005,1,4
110290168,2025,1724,1,4
110290168,2025,2118,1,4
110290206,2025,6870,1,4
110290206,2025,301,15,8
110290206,2025,2988,1,4
110290206,2025,2977,1,4
110290206,2025,11095,1,4
110290207,2025,4855,1,0
110290207,2025,3852,1,4
110290207,2025,2393,1,4
110290207,2025,8114,1,4
110290207,2025,630,1,4
110290207,2025,951,1,4
110290207,2025,1069,1,4
110290207,2025,3170,1,4
110290207,2025,4632,1,4
110290207,2025,1489,1,4
110290207,2025,2124,1,4
110290207,2025,1072,1,0
110290207,2025,1195,1,4
110290207,2025,2283,1,4
110290207,2025,192,1,0
110290207,2025,8685,1,2
110290207,2025,3904,1,2
110290207,2025,252,1,2
110290207,2025,3431,1,2
110290207,2025,996,2,4
110290207,2025,105,1,4
110290207,2025,51,1,4
110290207,2025,1946,1,4
110290207,2025,1444,1,4
110290207,2025,6014,1,4
110290207,2025,1412,1,2
110290207,2025,62,1,4
110290207,2025,2981,1,4
110290207,2025,8800,1,4
110290207,2025,65,1,4
110290207,2025,2247,1,4
110290207,2025,1767,1,4
110290207,2025,10,9,8
110290207,2025,4958,1,3
110290207,2025,11337,1,3
110290207,2025,6280,1,5
110290207,2025,10364,1,5
110290207,2025,7855,1,5
110290207,2025,773,1,5
110290207,2025,523,1,3
110290207,2025,5375,1,1
110290207,2025,3219,1,3
110290207,2025,3704,1,7
110290207,2025,2301,1,4
110290207,2025,3220,1,3
110290207,2025,2771,3,4
110290207,2025,652,1,2
110290207,2025,1183,1,4
110290207,2025,3037,2,4
110290207,2025,3664,1,0
110290207,2025,1685,2,2
110290207,2025,3168,1,4
110290207,2025,2090,1,4
110290207,2025,1438,1,2
110290207,2025,3593,1,2
110290207,2025,2791,1,4
110290207,2025,3671,1,4
110290207,2025,3203,1,4
110290207,2025,1143,1,4
110290207,2025,3118,1,4
110290207,2025,2552,1,4
110290207,2025,832,1,4
110290207,2025,2704,1,4
110290207,2025,403,1,4
110290208,2025,2370,1,2
110290208,2025,8794,1,4
110290208,2025,4760,1,4
110290208,2025,5859,1,4
110290208,2025,996,1,4
110290208,2025,3159,1,2
110290208,2025,1444,1,4
110290208,2025,822,1,4
110290208,2025,7132,1,4
110290208,2025,7227,1,5
110290208,2025,3033,1,4
110290208,2025,8629,1,5
110290208,2025,7259,1,1
110290208,2025,2771,2,4
110290208,2025,821,1,4
110290208,2025,3188,1,4
110290208,2025,1321,1,4
110290208,2025,3664,1,0
110290208,2025,3402,2,4
110290208,2025,1322,1,2
110290208,2025,1516,1,4
110290208,2025,10,3,8
110290208,2025,8943,1,4
110290208,2025,5675,1,4
110290208,2025,1685,1,2
110290208,2025,3019,1,4
110290208,2025,8974,1,4
110290208,2025,3040,1,4
110290208,2025,1440,1,4
110290208,2025,2987,2,4
110290208,2025,1143,1,4
110290208,2025,3042,2,4
110290208,2025,469,1,4
110290208,2025,1122,1,4
110290208,2025,1657,1,4
110290208,2025,2552,2,4
110290208,2025,139,1,4
110290208,2025,7856,1,4
110290208,2025,3170,1,4
110290208,2025,3276,1,4
110290208,2025,10405,1,4
110290209,2025,4855,1,0
110290209,2025,1193,1,4
110290209,2025,3207,1,4
110290209,2025,8930,1,4
110290209,2025,2499,1,4
110290209,2025,3007,1,4
110290209,2025,4864,1,4
110290209,2025,1571,1,4
110290209,2025,3027,1,4
110290209,2025,7906,1,4
110290209,2025,4788,1,4
110290209,2025,2977,1,4
110290209,2025,3339,1,4
110290209,2025,9162,1,4
110290209,2025,3011,1,4
110290209,2025,7117,1,0
110290209,2025,7849,1,4
110290209,2025,3032,1,4
110290209,2025,3242,1,4
110290209,2025,5908,1,4
110290209,2025,8799,1,4
110290209,2025,301,1,8
110290209,2025,11622,1,4
110290209,2025,3053,1,4
110290209,2025,1444,2,4
110290209,2025,3256,1,4
110290209,2025,8545,1,4
110290209,2025,9109,1,5
110290209,2025,10655,1,5
110290209,2025,1009,1,7
110290209,2025,10635,1,5
110290209,2025,10595,1,5
110290209,2025,10,1,8
110290209,2025,2771,1,4
110290209,2025,2920,1,4
110290209,2025,3402,1,4
110290209,2025,1587,1,4
110290209,2025,2987,1,4
110290209,2025,1143,4,4
110290209,2025,3118,1,4
110290209,2025,5144,1,4
110290209,2025,1341,1,4
110290209,2025,3274,1,4
110290209,2025,3119,1,4
110290209,2025,469,1,4
110290248,2025,7041,1,4
110290248,2025,996,1,4
110290248,2025,1300,2,4
110290248,2025,1444,3,4
110290248,2025,3140,1,4
110290248,2025,4194,1,4
110290248,2025,3004,1,4
110290248,2025,2987,1,4
110290248,2025,2143,1,4
110290248,2025,6725,1,0
110290248,2025,301,1,8
110290248,2025,10,1,8
110290248,2025,5144,2,4
110290248,2025,280,1,4
110290248,2025,3006,1,4
110290248,2025,5025,1,4
110290248,2025,7490,1,4
110290248,2025,3009,1,4
110290255,2025,5749,1,4
110290255,2025,3242,2,4
110290255,2025,1300,2,4
110290255,2025,8675,1,4
110290255,2025,2981,1,4
110290255,2025,3316,1,4
110290255,2025,3001,1,5
110290255,2025,4183,1,4
110290255,2025,4028,1,0
110290255,2025,3224,1,4
110290255,2025,10,3,8
110290255,2025,1585,1,4
110290255,2025,463,1,4
110290255,2025,4930,1,4
110290255,2025,1143,1,4
110290255,2025,3194,1,4
110290255,2025,3026,1,4
110290255,2025,2117,1,4
110290255,2025,1571,1,4
110290255,2025,3030,1,4
110290255,2025,7477,1,4
110290255,2025,7849,1,4
110290269,2025,3239,1,4
110290269,2025,7849,1,4
110290269,2025,3736,1,4
110290269,2025,4804,1,4
110290269,2025,4837,1,4
110290269,2025,3332,1,4
110290269,2025,4772,1,4
110290269,2025,1300,1,4
110290269,2025,1444,2,4
110290269,2025,3281,1,4
110290269,2025,3033,1,4
110290269,2025,1676,1,4
110290269,2025,3256,1,4
110290269,2025,8545,1,4
110290269,2025,1650,1,5
110290269,2025,10021,1,5
110290269,2025,7186,1,5
110290269,2025,4534,1,5
110290269,2025,1008,2,5
110290269,2025,7715,2,5
110290269,2025,10687,1,5
110290269,2025,2327,1,4
110290269,2025,3017,1,4
110290269,2025,1206,1,4
110290269,2025,2920,1,4
110290269,2025,3665,1,2
110290269,2025,3038,1,4
110290269,2025,3402,1,4
110290269,2025,1222,1,0
110290269,2025,3019,1,4
110290269,2025,9176,1,4
110290269,2025,2714,1,4
110290269,2025,10,3,8
110290269,2025,3040,1,4
110290269,2025,2987,3,4
110290269,2025,1143,2,4
110290269,2025,1550,1,4
110290269,2025,12928,1,4
110290269,2025,1597,1,4
110290269,2025,1489,1,4
110290269,2025,8075,1,4