yop_kodu,year,il,tercih_sayisi
203210025,2022,ANKARA,4
203210025,2022,ANTALYA,1
203210025,2022,BALIKESİR,1
203210025,2022,BOLU,1
203210025,2022,BURSA,1
203210025,2022,ÇANAKKALE,3
203210025,2022,EDİRNE,1
203210025,2022,ESKİŞEHİR,2
203210025,2022,İSTANBUL,87
203210025,2022,İZMİR,3
203210025,2022,KOCAELİ,2
203210025,2022,MUĞLA,1
203210025,2022,SAKARYA,1
203210025,2022,SAMSUN,1
203210025,2023,ANKARA,3
203210025,2023,ANTALYA,1
203210025,2023,BALIKESİR,1
203210025,2023,BURSA,1
203210025,2023,ÇANAKKALE,1
203210025,2023,EDİRNE,2
203210025,2023,İSTANBUL,93
203210025,2023,İZMİR,2
203210025,2023,KOCAELİ,1
203210025,2023,MUĞLA,1
203210025,2023,SAMSUN,1
203210025,2023,VAN,2
203210025,2024,AMASYA,1
203210025,2024,ANTALYA,1
203210025,2024,AYDIN,1
203210025,2024,BALIKESİR,2
203210025,2024,BARTIN,1
203210025,2024,BOLU,2
203210025,2024,BURDUR,1
203210025,2024,BURSA,2
203210025,2024,ÇANAKKALE,3
203210025,2024,DÜZCE,1
203210025,2024,EDİRNE,2
203210025,2024,İSTANBUL,75
203210025,2024,KAYSERİ,1
203210025,2024,KOCAELİ,3
203210025,2024,KONYA,1
203210025,2024,NEVŞEHİR,2
203210025,2024,SAKARYA,4
203210113,2022,ANKARA,2
203210113,2022,İSTANBUL,51
203210113,2023,İSTANBUL,38
203210113,2024,ANKARA,8
203210113,2024,BOLU,1
203210113,2024,BURSA,5
203210113,2024,DÜZCE,1
203210113,2024,EDİRNE,1
203210113,2024,ESKİŞEHİR,2
203210113,2024,İSTANBUL,111
203210113,2024,KIRKLARELİ,1
203210113,2024,KOCAELİ,13
203210113,2024,SAKARYA,5
203210113,2024,TRABZON,3
203210149,2022,ANKARA,24
203210149,2022,ANTALYA,1
203210149,2022,BURSA,3
203210149,2022,ESKİŞEHİR,3
203210149,2022,İSTANBUL,81
203210149,2022,İZMİR,2
203210149,2022,KARABÜK,1
203210149,2022,KASTAMONU,1
203210149,2022,KOCAELİ,12
203210149,2022,SAKARYA,3
203210149,2023,ANKARA,13
203210149,2023,BURSA,2
203210149,2023,ERZİNCAN,1
203210149,2023,ESKİŞEHİR,6
203210149,2023,GİRESUN,1
203210149,2023,İSTANBUL,116
203210149,2023,KAYSERİ,2
203210149,2023,KOCAELİ,3
203210149,2023,MALATYA,1
203210149,2023,MANİSA,1
203210149,2023,MUĞLA,1
203210149,2023,TOKAT,1
203210149,2023,YOZGAT,1
203210149,2024,AFYONKARAHİSAR,1
203210149,2024,ANKARA,3
203210149,2024,BOLU,1
203210149,2024,BURSA,2
203210149,2024,ÇANAKKALE,1
203210149,2024,DÜZCE,1
203210149,2024,EDİRNE,1
203210149,2024,ERZİNCAN,1
203210149,2024,ERZURUM,1
203210149,2024,ESKİŞEHİR,1
203210149,2024,ISPARTA,1
203210149,2024,İSTANBUL,124
203210149,2024,İZMİR,1
203210149,2024,KARABÜK,1
203210149,2024,KARS,1
203210149,2024,KAYSERİ,2
203210149,2024,KOCAELİ,1
203210149,2024,KONYA,1
203210149,2024,RİZE,1
203210149,2024,SAKARYA,3
203210149,2024,SAMSUN,1
203210149,2024,SİVAS,2
203210149,2024,TOKAT,2
203210149,2024,TRABZON,4
203210149,2024,ZONGULDAK,1
203210185,2022,ANKARA,5
203210185,2022,BALIKESİR,1
203210185,2022,BOLU,1
203210185,2022,BURSA,3
203210185,2022,ÇANAKKALE,4
203210185,2022,EDİRNE,1
203210185,2022,ESKİŞEHİR,6
203210185,2022,İSTANBUL,51
203210185,2022,KOCAELİ,2
203210185,2022,SAMSUN,1
203210185,2023,ADANA,1
203210185,2023,ANKARA,2
203210185,2023,BURSA,1
203210185,2023,ÇANAKKALE,1
203210185,2023,DİYARBAKIR,1
203210185,2023,ESKİŞEHİR,1
203210185,2023,İSTANBUL,44
203210185,2023,İZMİR,1
203210185,2023,MERSİN,1
203210185,2023,TRABZON,1
203210185,2023,ZONGULDAK,1
203210185,2024,ANKARA,2
203210185,2024,BARTIN,1
203210185,2024,ÇANAKKALE,1
203210185,2024,DİYARBAKIR,1
203210185,2024,DÜZCE,2
203210185,2024,İSTANBUL,59
203210185,2024,KASTAMONU,2
203210185,2024,KONYA,2
203210185,2024,ORDU,1
203210185,2024,SAKARYA,2
203210185,2024,SİNOP,1
203210185,2024,ZONGULDAK,1
203210194,2022,ADIYAMAN,1
203210194,2022,AĞRI,3
203210194,2022,AKSARAY,5
203210194,2022,AMASYA,1
203210194,2022,ANKARA,4
203210194,2022,ANTALYA,2
203210194,2022,ARTVİN,4
203210194,2022,AYDIN,3
203210194,2022,BALIKESİR,3
203210194,2022,BARTIN,1
203210194,2022,BAYBURT,5
203210194,2022,BOLU,2
203210194,2022,BURDUR,2
203210194,2022,BURSA,2
203210194,2022,ÇANAKKALE,6
203210194,2022,DENİZLİ,1
203210194,2022,DİYARBAKIR,1
203210194,2022,DÜZCE,3
203210194,2022,EDİRNE,3
203210194,2022,ELAZIĞ,2
203210194,2022,ERZİNCAN,4
203210194,2022,ERZURUM,2
203210194,2022,ESKİŞEHİR,8
203210194,2022,GAZİANTEP,4
203210194,2022,GİRESUN,1
203210194,2022,HAKKARİ,2
203210194,2022,ISPARTA,1
203210194,2022,İSTANBUL,370
203210194,2022,İZMİR,5
203210194,2022,KAHRAMANMARAŞ,1
203210194,2022,KARAMAN,4
203210194,2022,KARS,3
203210194,2022,KASTAMONU,4
203210194,2022,KAYSERİ,4
203210194,2022,KIRIKKALE,1
203210194,2022,KIRŞEHİR,3
203210194,2022,KİLİS,1
203210194,2022,KKTC-GAZİMAĞUSA,2
203210194,2022,KKTC-GİRNE,2
203210194,2022,KKTC-LEFKE,2
203210194,2022,KKTC-LEFKOŞA,1
203210194,2022,KOCAELİ,2
203210194,2022,KONYA,8
203210194,2022,KÜTAHYA,1
203210194,2022,MALATYA,1
203210194,2022,MUĞLA,3
203210194,2022,MUŞ,1
203210194,2022,NEVŞEHİR,2
203210194,2022,ORDU,4
203210194,2022,SAKARYA,5
203210194,2022,SAMSUN,3
203210194,2022,SİNOP,5
203210194,2022,SİVAS,2
203210194,2022,ŞANLIURFA,3
203210194,2022,TOKAT,3
203210194,2022,TRABZON,3
203210194,2022,VAN,2
203210194,2022,YOZGAT,3
203210194,2022,ZONGULDAK,4
203210194,2022,AFYONKARAHİSAR,3
203210194,2024,AFYONKARAHİSAR,1
203210194,2024,ANKARA,5
203210194,2024,ANTALYA,6
203210194,2024,ARTVİN,2
203210194,2024,AYDIN,1
203210194,2024,BALIKESİR,10
203210194,2024,BARTIN,2
203210194,2024,BAYBURT,1
203210194,2024,BİLECİK,4
203210194,2024,BOLU,4
203210194,2024,BURSA,6
203210194,2024,ÇANAKKALE,3
203210194,2024,ÇANKIRI,1
203210194,2024,DENİZLİ,2
203210194,2024,DÜZCE,1
203210194,2024,EDİRNE,1
203210194,2024,ERZİNCAN,5
203210194,2024,ERZURUM,3
203210194,2024,ESKİŞEHİR,1
203210194,2024,GAZİANTEP,1
203210194,2024,GİRESUN,3
203210194,2024,HATAY,1
203210194,2024,İSTANBUL,248
203210194,2024,KARABÜK,1
203210194,2024,KARAMAN,1
203210194,2024,KARS,3
203210194,2024,KASTAMONU,2
203210194,2024,KAYSERİ,1
203210194,2024,KIRKLARELİ,1
203210194,2024,KIRŞEHİR,2
203210194,2024,KOCAELİ,3
203210194,2024,KONYA,4
203210194,2024,MERSİN,1
203210194,2024,MUĞLA,1
203210194,2024,MUŞ,1
203210194,2024,NEVŞEHİR,1
203210194,2024,ORDU,3
203210194,2024,RİZE,1
203210194,2024,SAKARYA,7
203210194,2024,SİNOP,2
203210194,2024,ŞANLIURFA,1
203210194,2024,TEKİRDAĞ,1
203210194,2024,TOKAT,1
203210194,2024,TRABZON,4
203210194,2024,UŞAK,1
203210194,2024,VAN,2
203210194,2024,YALOVA,2
203210194,2024,YOZGAT,1
203210228,2022,İSTANBUL,93
203210228,2022,TEKİRDAĞ,2
203210228,2023,BURSA,2
203210228,2023,ÇANAKKALE,2
203210228,2023,EDİRNE,2
203210228,2023,ESKİŞEHİR,4
203210228,2023,İSTANBUL,57
203210228,2024,İSTANBUL,30
203210228,2024,KAYSERİ,3
203210237,2022,ADANA,1
203210237,2022,AĞRI,1
203210237,2022,AKSARAY,4
203210237,2022,AMASYA,3
203210237,2022,ANKARA,3
203210237,2022,ANTALYA,4
203210237,2022,ARTVİN,3
203210237,2022,AYDIN,1
203210237,2022,BALIKESİR,6
203210237,2022,BARTIN,1
203210237,2022,BAYBURT,2
203210237,2022,BİLECİK,1
203210237,2022,BOLU,5
203210237,2022,BURSA,2
203210237,2022,ÇANAKKALE,4
203210237,2022,DENİZLİ,2
203210237,2022,DÜZCE,6
203210237,2022,EDİRNE,7
203210237,2022,ERZİNCAN,1
203210237,2022,ERZURUM,1
203210237,2022,ESKİŞEHİR,2
203210237,2022,GİRESUN,1
203210237,2022,HAKKARİ,1
203210237,2022,İSTANBUL,315
203210237,2022,İZMİR,3
203210237,2022,KARS,2
203210237,2022,KASTAMONU,3
203210237,2022,KAYSERİ,2
203210237,2022,KIRŞEHİR,2
203210237,2022,KOCAELİ,4
203210237,2022,KONYA,1
203210237,2022,KÜTAHYA,1
203210237,2022,MALATYA,1
203210237,2022,MERSİN,1
203210237,2022,MUĞLA,3
203210237,2022,MUŞ,1
203210237,2022,NEVŞEHİR,5
203210237,2022,NİĞDE,3
203210237,2022,ORDU,2
203210237,2022,RİZE,3
203210237,2022,SAKARYA,7
203210237,2022,SİNOP,3
203210237,2022,SİVAS,1
203210237,2022,TEKİRDAĞ,2
203210237,2022,TOKAT,2
203210237,2022,TRABZON,4
203210237,2022,UŞAK,1
203210237,2022,VAN,1
203210237,2022,YOZGAT,1
203210237,2022,ZONGULDAK,3
203210237,2022,AFYONKARAHİSAR,2
203210237,2023,AĞRI,1
203210237,2023,AKSARAY,1
203210237,2023,AMASYA,1
203210237,2023,ANKARA,2
203210237,2023,ANTALYA,3
203210237,2023,ARTVİN,2
203210237,2023,BALIKESİR,3
203210237,2023,BARTIN,7
203210237,2023,BAYBURT,3
203210237,2023,BİLECİK,1
203210237,2023,BOLU,2
203210237,2023,BURSA,1
203210237,2023,ÇANAKKALE,1
203210237,2023,ÇORUM,1
203210237,2023,DİYARBAKIR,2
203210237,2023,DÜZCE,6
203210237,2023,EDİRNE,3
203210237,2023,ERZİNCAN,1
203210237,2023,ERZURUM,2
203210237,2023,ESKİŞEHİR,1
203210237,2023,İSTANBUL,165
203210237,2023,İZMİR,1
203210237,2023,KAHRAMANMARAŞ,1
203210237,2023,KARS,1
203210237,2023,KASTAMONU,1
203210237,2023,KIRIKKALE,1
203210237,2023,KIRKLARELİ,1
203210237,2023,KIRŞEHİR,1
203210237,2023,KİLİS,1
203210237,2023,KKTC-GAZİMAĞUSA,1
203210237,2023,KKTC-GİRNE,4
203210237,2023,KKTC-LEFKOŞA,1
203210237,2023,KOCAELİ,4
203210237,2023,KONYA,1
203210237,2023,MANİSA,2
203210237,2023,MUĞLA,1
203210237,2023,MUŞ,1
203210237,2023,RİZE,1
203210237,2023,SAKARYA,6
203210237,2023,SAMSUN,1
203210237,2023,SİNOP,1
203210237,2023,TRABZON,1
203210237,2023,UŞAK,1
203210237,2023,YALOVA,2
203210237,2023,YOZGAT,1
203210237,2023,ZONGULDAK,3
203210237,2023,AFYONKARAHİSAR,1
203210237,2024,AĞRI,1
203210237,2024,AMASYA,1
203210237,2024,ANKARA,5
203210237,2024,ARTVİN,2
203210237,2024,BALIKESİR,3
203210237,2024,BAYBURT,1
203210237,2024,BOLU,3
203210237,2024,BURSA,5
203210237,2024,ÇANAKKALE,6
203210237,2024,DÜZCE,1
203210237,2024,EDİRNE,3
203210237,2024,ERZİNCAN,1
203210237,2024,ESKİŞEHİR,3
203210237,2024,HAKKARİ,1
203210237,2024,İSTANBUL,152
203210237,2024,KARS,1
203210237,2024,KASTAMONU,1
203210237,2024,KIRKLARELİ,1
203210237,2024,KİLİS,1
203210237,2024,KOCAELİ,6
203210237,2024,MUŞ,1
203210237,2024,NİĞDE,1
203210237,2024,SAKARYA,12
203210237,2024,SAMSUN,2
203210237,2024,SİİRT,1
203210237,2024,TEKİRDAĞ,1
203210237,2024,TRABZON,1
203210237,2024,YALOVA,1
203210237,2024,ZONGULDAK,1
203210264,2022,ANKARA,1
203210264,2022,BALIKESİR,1
203210264,2022,BOLU,1
203210264,2022,BURSA,2
203210264,2022,EDİRNE,1
203210264,2022,İSTANBUL,65
203210264,2022,KOCAELİ,5
203210264,2022,SAKARYA,4
203210264,2022,TRABZON,2
203210264,2022,YALOVA,1
203210264,2023,ANKARA,2
203210264,2023,ANTALYA,2
203210264,2023,BURSA,1
203210264,2023,ÇANAKKALE,1
203210264,2023,ESKİŞEHİR,5
203210264,2023,İSTANBUL,30
203210264,2023,İZMİR,4
203210264,2023,KOCAELİ,3
203210264,2023,KÜTAHYA,1
203210264,2023,RİZE,1
203210264,2023,TRABZON,1
203210264,2023,ZONGULDAK,2
203210264,2023,AFYONKARAHİSAR,1
203210264,2024,ANKARA,12
203210264,2024,ANTALYA,2
203210264,2024,BURSA,7
203210264,2024,DENİZLİ,1
203210264,2024,ESKİŞEHİR,2
203210264,2024,İSTANBUL,95
203210264,2024,İZMİR,3
203210264,2024,KAYSERİ,1
203210264,2024,KOCAELİ,5
203210264,2024,SAKARYA,5
203210264,2024,SAMSUN,1
203210273,2022,BALIKESİR,2
203210273,2022,BOLU,1
203210273,2022,BURSA,3
203210273,2022,DENİZLİ,1
203210273,2022,ISPARTA,1
203210273,2022,İSTANBUL,66
203210273,2022,KONYA,1
203210273,2022,MANİSA,1
203210273,2022,MUĞLA,1
203210273,2022,SAKARYA,6
203210273,2022,YALOVA,2
203210273,2023,İSTANBUL,60
203210273,2023,TRABZON,1
203210273,2024,BURSA,1
203210273,2024,ÇANAKKALE,1
203210273,2024,EDİRNE,2
203210273,2024,İSTANBUL,95
203210273,2024,KOCAELİ,3
203210273,2024,KONYA,3
203210273,2024,SAKARYA,1
203210273,2024,TEKİRDAĞ,1
203210273,2024,TRABZON,2
203210307,2022,BURSA,3
203210307,2022,ÇANAKKALE,1
203210307,2022,ELAZIĞ,1
203210307,2022,ERZURUM,1
203210307,2022,İSTANBUL,50
203210307,2022,KONYA,2
203210307,2022,MALATYA,1
203210307,2022,MANİSA,1
203210307,2022,NEVŞEHİR,1
203210307,2022,NİĞDE,1
203210307,2022,RİZE,1
203210307,2022,SAKARYA,1
203210307,2022,TOKAT,1
203210307,2022,TRABZON,1
203210307,2023,ANKARA,8
203210307,2023,BURSA,3
203210307,2023,ISPARTA,1
203210307,2023,İSTANBUL,84
203210307,2023,KOCAELİ,1
203210307,2023,SAKARYA,2
203210307,2024,ANKARA,6
203210307,2024,BURSA,1
203210307,2024,ESKİŞEHİR,3
203210307,2024,İSTANBUL,75
203210307,2024,İZMİR,2
203210307,2024,KOCAELİ,3
203210307,2024,MUĞLA,1
203210307,2024,SAKARYA,2
203210307,2024,SİVAS,1
203210307,2024,TEKİRDAĞ,1
203210307,2024,YALOVA,1
203210325,2022,ANKARA,18
203210325,2022,ANTALYA,2
203210325,2022,BALIKESİR,2
203210325,2022,BOLU,1
203210325,2022,BURSA,10
203210325,2022,ÇANAKKALE,1
203210325,2022,DENİZLİ,2
203210325,2022,ELAZIĞ,1
203210325,2022,ERZURUM,2
203210325,2022,ESKİŞEHİR,12
203210325,2022,GAZİANTEP,1
203210325,2022,İSTANBUL,325
203210325,2022,İZMİR,5
203210325,2022,KAYSERİ,1
203210325,2022,KKTC-GAZİMAĞUSA,1
203210325,2022,KOCAELİ,3
203210325,2022,KONYA,7
203210325,2022,MERSİN,3
203210325,2022,SAMSUN,1
203210325,2022,TRABZON,1
203210325,2022,UŞAK,2
203210325,2022,ZONGULDAK,2
203210325,2023,ADANA,1
203210325,2023,ANKARA,5
203210325,2023,BALIKESİR,1
203210325,2023,BARTIN,2
203210325,2023,BOLU,1
203210325,2023,BURSA,1
203210325,2023,ÇANAKKALE,2
203210325,2023,ÇANKIRI,2
203210325,2023,DENİZLİ,5
203210325,2023,DÜZCE,2
203210325,2023,ERZURUM,1
203210325,2023,ESKİŞEHİR,1
203210325,2023,GÜMÜŞHANE,2
203210325,2023,İSTANBUL,348
203210325,2023,İZMİR,6
203210325,2023,KASTAMONU,2
203210325,2023,KONYA,6
203210325,2023,MALATYA,4
203210325,2023,MANİSA,1
203210325,2023,MARDİN,1
203210325,2023,MERSİN,7
203210325,2023,SAKARYA,4
203210325,2023,SAMSUN,1
203210325,2023,SİVAS,2
203210325,2023,TEKİRDAĞ,1
203210325,2023,UŞAK,1
203210325,2023,VAN,1
203210325,2023,ZONGULDAK,5
203210325,2023,AFYONKARAHİSAR,2
203210325,2024,ADANA,2
203210325,2024,AFYONKARAHİSAR,2
203210325,2024,ANKARA,2
203210325,2024,AYDIN,1
203210325,2024,BURSA,2
203210325,2024,ÇANAKKALE,1
203210325,2024,DÜZCE,1
203210325,2024,ESKİŞEHİR,3
203210325,2024,İSTANBUL,285
203210325,2024,İZMİR,5
203210325,2024,KIBRIS,1
203210325,2024,KIRIKKALE,1
203210325,2024,KIRKLARELİ,1
203210325,2024,KONYA,4
203210325,2024,MANİSA,1
203210325,2024,MERSİN,1
203210325,2024,MUĞLA,1
203210325,2024,ORDU,1
203210325,2024,SAKARYA,2
203210325,2024,SAMSUN,1
203210325,2024,TEKİRDAĞ,1
203210325,2024,TRABZON,1
203210325,2024,UŞAK,2
203210325,2024,YALOVA,1
203210325,2024,ZONGULDAK,1
203210343,2022,ANKARA,2
203210343,2022,DENİZLİ,3
203210343,2022,İSTANBUL,65
203210343,2022,İZMİR,2
203210343,2022,KIRKLARELİ,1
203210343,2022,AFYONKARAHİSAR,1
203210343,2023,ANKARA,13
203210343,2023,ANTALYA,1
203210343,2023,BURSA,1
203210343,2023,ÇANKIRI,1
203210343,2023,ERZİNCAN,1
203210343,2023,İSTANBUL,59
203210343,2023,İZMİR,6
203210343,2023,KIRIKKALE,1
203210343,2023,KONYA,2
203210343,2023,SİVAS,1
203210343,2023,TRABZON,1
203210343,2023,AFYONKARAHİSAR,1
203210343,2024,ANKARA,1
203210343,2024,ÇANKIRI,1
203210343,2024,ELAZIĞ,1
203210343,2024,ERZİNCAN,2
203210343,2024,İSTANBUL,68
203210343,2024,KONYA,1
203210343,2024,MALATYA,1
203210343,2024,RİZE,1
203210343,2024,SAMSUN,1
203210343,2024,SİVAS,1
203210343,2024,TOKAT,1
203210343,2024,YOZGAT,1
203210352,2022,ANKARA,2
203210352,2022,BOLU,1
203210352,2022,BURSA,1
203210352,2022,ÇANAKKALE,2
203210352,2022,DÜZCE,1
203210352,2022,ERZURUM,1
203210352,2022,ESKİŞEHİR,3
203210352,2022,İSTANBUL,308
203210352,2022,İZMİR,4
203210352,2022,KKTC-GAZİMAĞUSA,4
203210352,2022,SAKARYA,1
203210352,2022,TRABZON,4
203210352,2022,YALOVA,1
203210352,2023,ANKARA,1
203210352,2023,AYDIN,3
203210352,2023,BALIKESİR,3
203210352,2023,BOLU,1
203210352,2023,ÇANAKKALE,8
203210352,2023,DÜZCE,5
203210352,2023,EDİRNE,5
203210352,2023,ERZURUM,1
203210352,2023,İSTANBUL,241
203210352,2023,KARABÜK,1
203210352,2023,KIRKLARELİ,8
203210352,2023,KONYA,1
203210352,2023,KÜTAHYA,1
203210352,2023,MALATYA,6
203210352,2023,MANİSA,3
203210352,2023,MUĞLA,1
203210352,2023,RİZE,1
203210352,2023,SAKARYA,1
203210352,2023,TEKİRDAĞ,3
203210352,2023,TRABZON,4
203210352,2024,ADANA,1
203210352,2024,AMASYA,1
203210352,2024,ANKARA,2
203210352,2024,BOLU,3
203210352,2024,BURSA,2
203210352,2024,ÇANKIRI,2
203210352,2024,DÜZCE,1
203210352,2024,EDİRNE,3
203210352,2024,ERZİNCAN,1
203210352,2024,ERZURUM,1
203210352,2024,İSTANBUL,279
203210352,2024,İZMİR,1
203210352,2024,KASTAMONU,1
203210352,2024,KIRIKKALE,1
203210352,2024,KIRKLARELİ,8
203210352,2024,KOCAELİ,4
203210352,2024,KONYA,4
203210352,2024,KÜTAHYA,3
203210352,2024,MALATYA,4
203210352,2024,NEVŞEHİR,2
203210352,2024,SAKARYA,5
203210352,2024,UŞAK,1
203210352,2024,YALOVA,1
203210388,2022,ANKARA,14
203210388,2022,BALIKESİR,2
203210388,2022,BARTIN,2
203210388,2022,BOLU,1
203210388,2022,BURSA,5
203210388,2022,ÇANAKKALE,2
203210388,2022,ÇANKIRI,1
203210388,2022,ÇORUM,1
203210388,2022,DENİZLİ,1
203210388,2022,DÜZCE,1
203210388,2022,EDİRNE,3
203210388,2022,ERZİNCAN,1
203210388,2022,ERZURUM,1
203210388,2022,ESKİŞEHİR,2
203210388,2022,GAZİANTEP,2
203210388,2022,İSTANBUL,107
203210388,2022,KIRKLARELİ,1
203210388,2022,KOCAELİ,2
203210388,2022,MANİSA,1
203210388,2022,MUĞLA,1
203210388,2022,ORDU,2
203210388,2022,SAKARYA,4
203210388,2022,SAMSUN,2
203210388,2022,SİNOP,2
203210388,2022,TEKİRDAĞ,1
203210388,2022,TRABZON,3
203210388,2022,ZONGULDAK,2
203210388,2023,ANKARA,9
203210388,2023,BALIKESİR,2
203210388,2023,BOLU,2
203210388,2023,BURSA,3
203210388,2023,ÇANAKKALE,2
203210388,2023,DENİZLİ,1
203210388,2023,DÜZCE,1
203210388,2023,EDİRNE,3
203210388,2023,ESKİŞEHİR,1
203210388,2023,GAZİANTEP,1
203210388,2023,İSTANBUL,77
203210388,2023,İZMİR,2
203210388,2023,KAYSERİ,2
203210388,2023,KIRKLARELİ,2
203210388,2023,KOCAELİ,6
203210388,2023,KONYA,1
203210388,2023,MARDİN,1
203210388,2023,MERSİN,1
203210388,2023,NİĞDE,1
203210388,2023,SAKARYA,4
203210388,2023,SİNOP,4
203210388,2023,TEKİRDAĞ,2
203210388,2023,TRABZON,1
203210388,2023,YALOVA,2
203210388,2024,AĞRI,1
203210388,2024,ANKARA,8
203210388,2024,ÇANAKKALE,1
203210388,2024,ERZİNCAN,1
203210388,2024,ERZURUM,1
203210388,2024,GİRESUN,1
203210388,2024,İSTANBUL,145
203210388,2024,İZMİR,2
203210388,2024,KOCAELİ,1
203210388,2024,KONYA,1
203210388,2024,KÜTAHYA,1
203210388,2024,MALATYA,1
203210388,2024,MUĞLA,1
203210388,2024,SAKARYA,1
203210397,2022,ESKİŞEHİR,1
203210397,2022,İSTANBUL,57
203210397,2022,KONYA,5
203210397,2022,SAKARYA,1
203210397,2022,ZONGULDAK,3
203210397,2023,ANKARA,2
203210397,2023,BURSA,1
203210397,2023,İSTANBUL,75
203210397,2024,ANTALYA,1
203210397,2024,ESKİŞEHİR,1
203210397,2024,İSTANBUL,45
203210397,2024,İZMİR,1
203210397,2024,SAMSUN,1
203210413,2022,ANTALYA,1
203210413,2022,AYDIN,1
203210413,2022,BALIKESİR,5
203210413,2022,BARTIN,1
203210413,2022,BOLU,2
203210413,2022,BURSA,1
203210413,2022,ÇANAKKALE,2
203210413,2022,DENİZLİ,1
203210413,2022,DÜZCE,5
203210413,2022,EDİRNE,2
203210413,2022,ERZURUM,1
203210413,2022,ESKİŞEHİR,1
203210413,2022,İSTANBUL,290
203210413,2022,İZMİR,2
203210413,2022,KIRIKKALE,1
203210413,2022,KONYA,2
203210413,2022,MANİSA,1
203210413,2022,MUĞLA,1
203210413,2022,SAKARYA,6
203210413,2022,SİNOP,1
203210413,2022,TEKİRDAĞ,2
203210413,2022,YALOVA,6
203210413,2023,AKSARAY,3
203210413,2023,AYDIN,3
203210413,2023,BOLU,6
203210413,2023,ÇANAKKALE,4
203210413,2023,DİYARBAKIR,5
203210413,2023,EDİRNE,5
203210413,2023,ERZURUM,3
203210413,2023,ESKİŞEHİR,2
203210413,2023,GİRESUN,1
203210413,2023,ISPARTA,2
203210413,2023,İSTANBUL,154
203210413,2023,KARABÜK,1
203210413,2023,KAYSERİ,1
203210413,2023,KIRIKKALE,1
203210413,2023,KIRKLARELİ,2
203210413,2023,KKTC-GİRNE,1
203210413,2023,KKTC-LEFKE,1
203210413,2023,KONYA,8
203210413,2023,KÜTAHYA,1
203210413,2023,NEVŞEHİR,2
203210413,2023,NİĞDE,4
203210413,2023,RİZE,1
203210413,2023,YALOVA,1
203210413,2023,ZONGULDAK,1
203210413,2023,AFYONKARAHİSAR,1
203210413,2024,AFYONKARAHİSAR,1
203210413,2024,ANTALYA,1
203210413,2024,BALIKESİR,7
203210413,2024,BARTIN,1
203210413,2024,BİLECİK,1
203210413,2024,BOLU,4
203210413,2024,ÇANAKKALE,2
203210413,2024,DÜZCE,3
203210413,2024,EDİRNE,7
203210413,2024,ERZURUM,4
203210413,2024,ESKİŞEHİR,6
203210413,2024,GİRESUN,2
203210413,2024,IĞDIR,1
203210413,2024,İSTANBUL,185
203210413,2024,KARS,1
203210413,2024,KIRKLARELİ,9
203210413,2024,KOCAELİ,3
203210413,2024,MANİSA,2
203210413,2024,MUĞLA,1
203210413,2024,NİĞDE,1
203210413,2024,SAKARYA,1
203210413,2024,TEKİRDAĞ,1
203210413,2024,TRABZON,2
203210413,2024,YALOVA,2
203210413,2024,ZONGULDAK,6
203210449,2022,ANKARA,5
203210449,2022,BALIKESİR,3
203210449,2022,BARTIN,1
203210449,2022,BOLU,1
203210449,2022,BURSA,2
203210449,2022,ÇANAKKALE,1
203210449,2022,DÜZCE,1
203210449,2022,EDİRNE,4
203210449,2022,ESKİŞEHİR,1
203210449,2022,GİRESUN,1
203210449,2022,ISPARTA,1
203210449,2022,İSTANBUL,61
203210449,2022,İZMİR,2
203210449,2022,KOCAELİ,3
203210449,2022,KÜTAHYA,1
203210449,2022,ORDU,1
203210449,2022,RİZE,1
203210449,2022,SAKARYA,4
203210449,2022,TRABZON,1
203210449,2022,YOZGAT,1
203210449,2022,AFYONKARAHİSAR,1
203210449,2023,AYDIN,1
203210449,2023,BURSA,1
203210449,2023,ÇANAKKALE,2
203210449,2023,EDİRNE,2
203210449,2023,İSTANBUL,42
203210449,2023,KOCAELİ,1
203210449,2023,SAKARYA,1
203210449,2024,ÇANAKKALE,1
203210449,2024,ESKİŞEHİR,1
203210449,2024,İSTANBUL,74
203210458,2022,BURSA,3
203210458,2022,ÇANAKKALE,1
203210458,2022,İSTANBUL,92
203210458,2022,İZMİR,1
203210458,2022,SAKARYA,1
203210458,2022,YALOVA,1
203210458,2023,ANKARA,3
203210458,2023,BURSA,2
203210458,2023,ESKİŞEHİR,4
203210458,2023,İSTANBUL,47
203210458,2023,SAMSUN,1
203210458,2023,YOZGAT,3
203210458,2024,ANKARA,4
203210458,2024,BİTLİS,1
203210458,2024,BOLU,2
203210458,2024,BURSA,3
203210458,2024,İSTANBUL,46
203210458,2024,KOCAELİ,1
203210458,2024,KONYA,2
203210458,2024,ORDU,1
203210458,2024,RİZE,1
203210458,2024,YALOVA,3
203210476,2022,ANKARA,10
203210476,2022,BALIKESİR,6
203210476,2022,BİLECİK,2
203210476,2022,BOLU,8
203210476,2022,BURSA,37
203210476,2022,ÇANAKKALE,8
203210476,2022,DÜZCE,9
203210476,2022,EDİRNE,2
203210476,2022,ERZİNCAN,1
203210476,2022,ERZURUM,3
203210476,2022,ESKİŞEHİR,12
203210476,2022,GAZİANTEP,2
203210476,2022,ISPARTA,3
203210476,2022,İSTANBUL,341
203210476,2022,İZMİR,4
203210476,2022,KARAMAN,2
203210476,2022,KASTAMONU,5
203210476,2022,KAYSERİ,3
203210476,2022,KIRIKKALE,1
203210476,2022,KIRKLARELİ,6
203210476,2022,KIRŞEHİR,1
203210476,2022,KİLİS,2
203210476,2022,KOCAELİ,15
203210476,2022,KONYA,15
203210476,2022,KÜTAHYA,1
203210476,2022,MANİSA,2
203210476,2022,MUĞLA,1
203210476,2022,SAKARYA,24
203210476,2022,SAMSUN,1
203210476,2022,SİİRT,2
203210476,2022,TEKİRDAĞ,13
203210476,2022,YALOVA,14
203210476,2022,ZONGULDAK,1
203210476,2023,AKSARAY,2
203210476,2023,ANKARA,10
203210476,2023,ANTALYA,1
203210476,2023,BALIKESİR,11
203210476,2023,BARTIN,2
203210476,2023,BATMAN,2
203210476,2023,BİLECİK,9
203210476,2023,BİTLİS,1
203210476,2023,BOLU,19
203210476,2023,BURSA,17
203210476,2023,ÇANAKKALE,13
203210476,2023,ÇANKIRI,6
203210476,2023,DENİZLİ,2
203210476,2023,DİYARBAKIR,1
203210476,2023,DÜZCE,15
203210476,2023,EDİRNE,8
203210476,2023,ERZİNCAN,1
203210476,2023,ERZURUM,14
203210476,2023,ESKİŞEHİR,34
203210476,2023,GAZİANTEP,1
203210476,2023,GİRESUN,1
203210476,2023,GÜMÜŞHANE,1
203210476,2023,HAKKARİ,2
203210476,2023,ISPARTA,3
203210476,2023,İSTANBUL,432
203210476,2023,İZMİR,2
203210476,2023,KARABÜK,5
203210476,2023,KASTAMONU,2
203210476,2023,KAYSERİ,5
203210476,2023,KIRIKKALE,5
203210476,2023,KIRKLARELİ,17
203210476,2023,KOCAELİ,18
203210476,2023,KONYA,5
203210476,2023,KÜTAHYA,5
203210476,2023,MANİSA,3
203210476,2023,MARDİN,1
203210476,2023,MUĞLA,1
203210476,2023,NEVŞEHİR,1
203210476,2023,NİĞDE,2
203210476,2023,ORDU,2
203210476,2023,RİZE,1
203210476,2023,SAKARYA,29
203210476,2023,SAMSUN,2
203210476,2023,SİNOP,2
203210476,2023,SİVAS,1
203210476,2023,ŞANLIURFA,1
203210476,2023,ŞIRNAK,1
203210476,2023,TEKİRDAĞ,21
203210476,2023,TRABZON,4
203210476,2023,UŞAK,2
203210476,2023,VAN,1
203210476,2023,YALOVA,21
203210476,2023,ZONGULDAK,2
203210476,2023,AFYONKARAHİSAR,5
203210476,2024,ADANA,1
203210476,2024,AFYONKARAHİSAR,1
203210476,2024,ANKARA,10
203210476,2024,ANTALYA,2
203210476,2024,AYDIN,1
203210476,2024,BALIKESİR,6
203210476,2024,BİLECİK,2
203210476,2024,BOLU,15
203210476,2024,BURDUR,1
203210476,2024,BURSA,18
203210476,2024,ÇANAKKALE,4
203210476,2024,DENİZLİ,2
203210476,2024,DİYARBAKIR,1
203210476,2024,DÜZCE,7
203210476,2024,EDİRNE,3
203210476,2024,ERZİNCAN,1
203210476,2024,ERZURUM,2
203210476,2024,ESKİŞEHİR,8
203210476,2024,ISPARTA,2
203210476,2024,İSTANBUL,316
203210476,2024,İZMİR,4
203210476,2024,KAHRAMANMARAŞ,1
203210476,2024,KAYSERİ,1
203210476,2024,KIRKLARELİ,4
203210476,2024,KOCAELİ,17
203210476,2024,KONYA,4
203210476,2024,KÜTAHYA,1
203210476,2024,MALATYA,1
203210476,2024,MERSİN,3
203210476,2024,MUĞLA,1
203210476,2024,ORDU,1
203210476,2024,RİZE,2
203210476,2024,SAKARYA,27
203210476,2024,SAMSUN,8
203210476,2024,SİVAS,3
203210476,2024,ŞANLIURFA,1
203210476,2024,TEKİRDAĞ,7
203210476,2024,VAN,1
203210476,2024,YALOVA,17
203210476,2024,ZONGULDAK,1
203210485,2022,ANKARA,1
203210485,2022,BALIKESİR,1
203210485,2022,BARTIN,2
203210485,2022,BAYBURT,1
203210485,2022,BOLU,5
203210485,2022,BURSA,2
203210485,2022,DÜZCE,2
203210485,2022,EDİRNE,5
203210485,2022,ESKİŞEHİR,3
203210485,2022,GİRESUN,2
203210485,2022,İSTANBUL,460
203210485,2022,İZMİR,1
203210485,2022,KARS,1
203210485,2022,KASTAMONU,3
203210485,2022,KOCAELİ,12
203210485,2022,KÜTAHYA,2
203210485,2022,MANİSA,1
203210485,2022,MUŞ,1
203210485,2022,ORDU,1
203210485,2022,SAKARYA,8
203210485,2022,SAMSUN,2
203210485,2022,SİİRT,1
203210485,2022,SİNOP,1
203210485,2022,TRABZON,3
203210485,2022,YOZGAT,1
203210485,2022,ZONGULDAK,4
203210485,2022,AFYONKARAHİSAR,1
203210485,2023,ADANA,1
203210485,2023,AMASYA,1
203210485,2023,ANKARA,1
203210485,2023,ANTALYA,7
203210485,2023,ARTVİN,2
203210485,2023,AYDIN,3
203210485,2023,BALIKESİR,7
203210485,2023,BARTIN,1
203210485,2023,BAYBURT,1
203210485,2023,BOLU,4
203210485,2023,BURDUR,1
203210485,2023,BURSA,5
203210485,2023,ÇANAKKALE,7
203210485,2023,DENİZLİ,2
203210485,2023,DÜZCE,4
203210485,2023,EDİRNE,8
203210485,2023,ERZURUM,2
203210485,2023,ESKİŞEHİR,3
203210485,2023,GİRESUN,3
203210485,2023,İSTANBUL,293
203210485,2023,İZMİR,7
203210485,2023,KASTAMONU,1
203210485,2023,KIRKLARELİ,2
203210485,2023,KOCAELİ,9
203210485,2023,KONYA,9
203210485,2023,KÜTAHYA,1
203210485,2023,MANİSA,1
203210485,2023,RİZE,3
203210485,2023,SAKARYA,7
203210485,2023,SİNOP,1
203210485,2023,TEKİRDAĞ,6
203210485,2023,YALOVA,1
203210485,2023,YOZGAT,3
203210485,2023,ZONGULDAK,2
203210485,2024,AKSARAY,1
203210485,2024,AMASYA,1
203210485,2024,ANKARA,1
203210485,2024,ANTALYA,3
203210485,2024,AYDIN,1
203210485,2024,BALIKESİR,8
203210485,2024,BOLU,2
203210485,2024,BURSA,3
203210485,2024,ÇANAKKALE,6
203210485,2024,DENİZLİ,1
203210485,2024,DÜZCE,1
203210485,2024,EDİRNE,1
203210485,2024,ESKİŞEHİR,1
203210485,2024,İSTANBUL,245
203210485,2024,İZMİR,2
203210485,2024,KARABÜK,1
203210485,2024,KOCAELİ,1
203210485,2024,KONYA,1
203210485,2024,MALATYA,2
203210485,2024,MERSİN,2
203210485,2024,MUĞLA,4
203210485,2024,SAKARYA,1
203210485,2024,SAMSUN,1
203210485,2024,SİNOP,1
203210485,2024,TEKİRDAĞ,7
203210485,2024,TRABZON,1
203210485,2024,YALOVA,1
203210519,2024,ADANA,1
203210519,2024,AĞRI,1
203210519,2024,AMASYA,3
203210519,2024,ANKARA,11
203210519,2024,ANTALYA,6
203210519,2024,ARDAHAN,1
203210519,2024,ARTVİN,1
203210519,2024,AYDIN,1
203210519,2024,BALIKESİR,7
203210519,2024,BARTIN,3
203210519,2024,BAYBURT,2
203210519,2024,BİNGÖL,1
203210519,2024,BİTLİS,2
203210519,2024,BOLU,3
203210519,2024,BURDUR,2
203210519,2024,ÇANAKKALE,1
203210519,2024,ÇANKIRI,3
203210519,2024,ÇORUM,2
203210519,2024,DÜZCE,1
203210519,2024,EDİRNE,1
203210519,2024,ELAZIĞ,2
203210519,2024,ERZİNCAN,2
203210519,2024,GAZİANTEP,2
203210519,2024,GİRESUN,1
203210519,2024,GÜMÜŞHANE,3
203210519,2024,HATAY,1
203210519,2024,IĞDIR,2
203210519,2024,ISPARTA,1
203210519,2024,İSTANBUL,424
203210519,2024,KAHRAMANMARAŞ,4
203210519,2024,KARABÜK,4
203210519,2024,KASTAMONU,1
203210519,2024,KAYSERİ,3
203210519,2024,KIBRIS,3
203210519,2024,KIRIKKALE,1
203210519,2024,KIRKLARELİ,2
203210519,2024,KIRŞEHİR,1
203210519,2024,KOCAELİ,5
203210519,2024,KONYA,9
203210519,2024,KÜTAHYA,2
203210519,2024,MALATYA,2
203210519,2024,MANİSA,1
203210519,2024,MARDİN,1
203210519,2024,MERSİN,1
203210519,2024,MUĞLA,1
203210519,2024,NEVŞEHİR,1
203210519,2024,NİĞDE,1
203210519,2024,ORDU,1
203210519,2024,RİZE,3
203210519,2024,SAKARYA,3
203210519,2024,SAMSUN,2
203210519,2024,SİİRT,1
203210519,2024,SİNOP,1
203210519,2024,SİVAS,4
203210519,2024,ŞANLIURFA,1
203210519,2024,TEKİRDAĞ,2
203210519,2024,TOKAT,7
203210519,2024,TRABZON,3
203210519,2024,TUNCELİ,1
203210519,2024,YALOVA,2
203210519,2024,YOZGAT,3
203210519,2024,ZONGULDAK,5
203210573,2022,ANKARA,4
203210573,2022,ANTALYA,1
203210573,2022,BURSA,1
203210573,2022,ERZURUM,3
203210573,2022,İSTANBUL,102
203210573,2022,İZMİR,2
203210573,2022,KONYA,1
203210573,2023,ANKARA,1
203210573,2023,BURSA,1
203210573,2023,İSTANBUL,75
203210573,2024,ANTALYA,1
203210573,2024,BALIKESİR,1
203210573,2024,BOLU,1
203210573,2024,BURSA,4
203210573,2024,İSTANBUL,99
203210573,2024,İZMİR,8
203210573,2024,KOCAELİ,1
203210573,2024,SAKARYA,1
203210573,2024,TEKİRDAĞ,2
203210573,2024,YALOVA,1
203210591,2022,ANKARA,6
203210591,2022,ANTALYA,5
203210591,2022,AYDIN,1
203210591,2022,BALIKESİR,5
203210591,2022,BİLECİK,2
203210591,2022,BOLU,4
203210591,2022,BURSA,4
203210591,2022,ÇANAKKALE,5
203210591,2022,ÇANKIRI,2
203210591,2022,DENİZLİ,1
203210591,2022,DÜZCE,2
203210591,2022,EDİRNE,1
203210591,2022,ESKİŞEHİR,13
203210591,2022,İSTANBUL,416
203210591,2022,İZMİR,17
203210591,2022,KIRIKKALE,4
203210591,2022,KOCAELİ,5
203210591,2022,KONYA,1
203210591,2022,MANİSA,2
203210591,2022,MERSİN,1
203210591,2022,MUĞLA,2
203210591,2022,RİZE,1
203210591,2022,SAKARYA,3
203210591,2022,SAMSUN,2
203210591,2022,TEKİRDAĞ,4
203210591,2022,YALOVA,3
203210591,2022,ZONGULDAK,1
203210591,2022,AFYONKARAHİSAR,2
203210591,2023,ADANA,1
203210591,2023,AKSARAY,2
203210591,2023,ANKARA,13
203210591,2023,ANTALYA,5
203210591,2023,BALIKESİR,1
203210591,2023,BURSA,8
203210591,2023,ÇANAKKALE,2
203210591,2023,DÜZCE,2
203210591,2023,ERZURUM,2
203210591,2023,ESKİŞEHİR,4
203210591,2023,ISPARTA,1
203210591,2023,İSTANBUL,319
203210591,2023,İZMİR,7
203210591,2023,KOCAELİ,2
203210591,2023,KONYA,2
203210591,2023,MALATYA,2
203210591,2023,MANİSA,1
203210591,2023,MERSİN,2
203210591,2023,MUĞLA,1
203210591,2023,SAKARYA,9
203210591,2023,SAMSUN,1
203210591,2023,TRABZON,1
203210591,2023,YALOVA,5
203210591,2024,ANKARA,1
203210591,2024,ANTALYA,3
203210591,2024,ESKİŞEHİR,1
203210591,2024,İSTANBUL,259
203210591,2024,İZMİR,1
203210591,2024,KOCAELİ,3
203210591,2024,SAKARYA,1
203210679,2022,ANKARA,1
203210679,2022,ÇANAKKALE,1
203210679,2022,EDİRNE,1
203210679,2022,ERZURUM,1
203210679,2022,İSTANBUL,90
203210679,2022,İZMİR,1
203210679,2022,KOCAELİ,1
203210679,2022,RİZE,1
203210679,2022,SAKARYA,1
203210679,2022,SAMSUN,3
203210679,2023,ANKARA,4
203210679,2023,BURSA,2
203210679,2023,EDİRNE,1
203210679,2023,ELAZIĞ,1
203210679,2023,ISPARTA,1
203210679,2023,İSTANBUL,79
203210679,2023,KARABÜK,1
203210679,2023,KOCAELİ,3
203210679,2023,KÜTAHYA,1
203210679,2023,SAKARYA,3
203210679,2023,ZONGULDAK,1
203210679,2023,AFYONKARAHİSAR,1
203210679,2024,ADIYAMAN,1
203210679,2024,AĞRI,1
203210679,2024,ANKARA,4
203210679,2024,AYDIN,1
203210679,2024,BALIKESİR,1
203210679,2024,BURSA,4
203210679,2024,EDİRNE,1
203210679,2024,ERZİNCAN,1
203210679,2024,IĞDIR,1
203210679,2024,İSTANBUL,57
203210679,2024,İZMİR,3
203210679,2024,KARABÜK,1
203210679,2024,KARS,1
203210679,2024,KAYSERİ,1
203210679,2024,KOCAELİ,4
203210679,2024,SAKARYA,6
203210679,2024,SAMSUN,1
203210679,2024,TRABZON,1
203210679,2024,YALOVA,1
203210731,2022,ADANA,3
203210731,2022,ANKARA,45
203210731,2022,ANTALYA,5
203210731,2022,BALIKESİR,3
203210731,2022,BOLU,4
203210731,2022,BURSA,14
203210731,2022,ÇANKIRI,1
203210731,2022,DENİZLİ,2
203210731,2022,DİYARBAKIR,2
203210731,2022,ERZİNCAN,1
203210731,2022,ERZURUM,5
203210731,2022,ESKİŞEHİR,14
203210731,2022,ISPARTA,1
203210731,2022,İSTANBUL,312
203210731,2022,İZMİR,13
203210731,2022,KAYSERİ,5
203210731,2022,KIRIKKALE,2
203210731,2022,KIRKLARELİ,3
203210731,2022,KOCAELİ,10
203210731,2022,KONYA,18
203210731,2022,MERSİN,1
203210731,2022,RİZE,1
203210731,2022,SAKARYA,8
203210731,2022,SAMSUN,4
203210731,2022,TEKİRDAĞ,3
203210731,2022,TRABZON,5
203210731,2022,YALOVA,2
203210731,2022,AFYONKARAHİSAR,1
203210731,2023,ANKARA,32
203210731,2023,ANTALYA,6
203210731,2023,BALIKESİR,1
203210731,2023,BOLU,2
203210731,2023,BURSA,10
203210731,2023,DENİZLİ,1
203210731,2023,DİYARBAKIR,1
203210731,2023,ESKİŞEHİR,14
203210731,2023,ISPARTA,1
203210731,2023,İSTANBUL,234
203210731,2023,İZMİR,8
203210731,2023,KAYSERİ,1
203210731,2023,KOCAELİ,10
203210731,2023,KONYA,2
203210731,2023,MALATYA,1
203210731,2023,SAKARYA,7
203210731,2023,SAMSUN,3
203210731,2023,TEKİRDAĞ,3
203210731,2023,TRABZON,1
203210731,2023,YALOVA,2
203210731,2024,AFYONKARAHİSAR,1
203210731,2024,ANKARA,28
203210731,2024,ANTALYA,3
203210731,2024,BOLU,2
203210731,2024,BURSA,7
203210731,2024,ERZİNCAN,1
203210731,2024,ERZURUM,1
203210731,2024,ESKİŞEHİR,11
203210731,2024,ISPARTA,1
203210731,2024,İSTANBUL,218
203210731,2024,İZMİR,14
203210731,2024,KAYSERİ,1
203210731,2024,KIRIKKALE,1
203210731,2024,KIRKLARELİ,2
203210731,2024,KOCAELİ,5
203210731,2024,KONYA,9
203210731,2024,SAKARYA,5
203210731,2024,SAMSUN,1
203210731,2024,YALOVA,4
203210749,2024,ADANA,5
203210749,2024,AFYONKARAHİSAR,20
203210749,2024,AĞRI,1
203210749,2024,ANKARA,68
203210749,2024,ANTALYA,10
203210749,2024,AYDIN,1
203210749,2024,BALIKESİR,13
203210749,2024,BOLU,18
203210749,2024,BURSA,19
203210749,2024,ÇANAKKALE,7
203210749,2024,ÇANKIRI,26
203210749,2024,DENİZLİ,6
203210749,2024,DİYARBAKIR,20
203210749,2024,EDİRNE,1
203210749,2024,ERZİNCAN,34
203210749,2024,ERZURUM,20
203210749,2024,ESKİŞEHİR,16
203210749,2024,GAZİANTEP,24
203210749,2024,ISPARTA,19
203210749,2024,İSTANBUL,901
203210749,2024,İZMİR,23
203210749,2024,KARS,1
203210749,2024,KAYSERİ,13
203210749,2024,KIBRIS,34
203210749,2024,KIRIKKALE,12
203210749,2024,KIRKLARELİ,29
203210749,2024,KOCAELİ,25
203210749,2024,KONYA,36
203210749,2024,MALATYA,27
203210749,2024,MERSİN,2
203210749,2024,MUĞLA,1
203210749,2024,MUŞ,1
203210749,2024,NEVŞEHİR,1
203210749,2024,RİZE,28
203210749,2024,SAKARYA,31
203210749,2024,SAMSUN,13
203210749,2024,SİİRT,1
203210749,2024,SİVAS,21
203210749,2024,ŞANLIURFA,1
203210749,2024,TEKİRDAĞ,30
203210749,2024,TOKAT,25
203210749,2024,TRABZON,24
203210749,2024,VAN,1
203210749,2024,YALOVA,35
203210749,2024,YOZGAT,15
203210934,2022,İSTANBUL,67
203210934,2023,İSTANBUL,34
203210934,2024,İSTANBUL,77
203210934,2024,TEKİRDAĞ,1
203210952,2022,ANKARA,3
203210952,2022,ANTALYA,1
203210952,2022,EDİRNE,1
203210952,2022,İSTANBUL,80
203210952,2022,TEKİRDAĞ,1
203210952,2023,ANKARA,9
203210952,2023,ANTALYA,2
203210952,2023,DÜZCE,1
203210952,2023,EDİRNE,1
203210952,2023,İSTANBUL,78
203210952,2023,İZMİR,4
203210952,2023,KOCAELİ,1
203210952,2023,KONYA,4
203210952,2023,MUĞLA,1
203210952,2023,SAKARYA,2
203210952,2023,SAMSUN,2
203210952,2023,TEKİRDAĞ,1
203210952,2023,TRABZON,2
203210952,2024,BURSA,4
203210952,2024,İSTANBUL,141
203210952,2024,KOCAELİ,1
203210952,2024,SAKARYA,1
203210979,2024,ANKARA,1
203210979,2024,ÇORUM,1
203210979,2024,ESKİŞEHİR,1
203210979,2024,İSTANBUL,350
203210979,2024,KOCAELİ,1
203210979,2024,TEKİRDAĞ,1
203210979,2024,TRABZON,1
203211014,2022,ANKARA,9
203211014,2022,ANTALYA,4
203211014,2022,DÜZCE,1
203211014,2022,ESKİŞEHİR,1
203211014,2022,İSTANBUL,146
203211014,2022,İZMİR,4
203211014,2022,KOCAELİ,2
203211014,2022,KONYA,1
203211014,2022,SAKARYA,2
203211014,2022,TRABZON,1
203211014,2023,ANKARA,8
203211014,2023,İSTANBUL,74
203211014,2023,SAKARYA,2
203211014,2023,TEKİRDAĞ,1
203211014,2024,AFYONKARAHİSAR,2
203211014,2024,ANKARA,7
203211014,2024,BİLECİK,1
203211014,2024,ÇANKIRI,1
203211014,2024,ERZİNCAN,1
203211014,2024,ERZURUM,1
203211014,2024,GAZİANTEP,1
203211014,2024,ISPARTA,1
203211014,2024,İSTANBUL,100
203211014,2024,KIRKLARELİ,1
203211014,2024,KOCAELİ,1
203211014,2024,KONYA,1
203211014,2024,MALATYA,1
203211014,2024,SİVAS,1
203211014,2024,TEKİRDAĞ,1
203211014,2024,TOKAT,1
203211014,2024,TRABZON,1
203211014,2024,YALOVA,1
203211014,2024,YOZGAT,1
203211068,2022,ANKARA,6
203211068,2022,ANTALYA,1
203211068,2022,ESKİŞEHİR,2
203211068,2022,İSTANBUL,58
203211068,2022,İZMİR,2
203211068,2022,KKTC-GİRNE,2
203211068,2022,SAKARYA,1
203211068,2022,ZONGULDAK,2
203211068,2023,İSTANBUL,48
203211068,2024,ESKİŞEHİR,1
203211068,2024,GAZİANTEP,1
203211068,2024,İSTANBUL,27
203211068,2024,KAYSERİ,1
203211068,2024,KOCAELİ,1
203211068,2024,MERSİN,1
203211068,2024,MUĞLA,1
203211068,2024,NEVŞEHİR,1
203211086,2022,İSTANBUL,314
203211086,2022,NEVŞEHİR,1
203211086,2022,TEKİRDAĞ,1
203211086,2023,AMASYA,1
203211086,2023,ANKARA,9
203211086,2023,AYDIN,6
203211086,2023,BALIKESİR,1
203211086,2023,BOLU,2
203211086,2023,BURDUR,1
203211086,2023,BURSA,1
203211086,2023,EDİRNE,14
203211086,2023,ERZURUM,3
203211086,2023,ESKİŞEHİR,11
203211086,2023,GÜMÜŞHANE,1
203211086,2023,İSTANBUL,334
203211086,2023,İZMİR,3
203211086,2023,KIRIKKALE,1
203211086,2023,KIRKLARELİ,1
203211086,2023,MANİSA,1
203211086,2023,TEKİRDAĞ,2
203211086,2023,TUNCELİ,1
203211086,2023,YOZGAT,1
203211086,2023,AFYONKARAHİSAR,3
203211086,2024,ERZİNCAN,5
203211086,2024,İSTANBUL,218
203211086,2024,KOCAELİ,2
203211095,2022,ANKARA,7
203211095,2022,ISPARTA,1
203211095,2022,İSTANBUL,29
203211095,2022,KONYA,3
203211095,2022,SAKARYA,1
203211095,2022,SAMSUN,1
203211095,2022,TRABZON,1
203211095,2023,ANKARA,2
203211095,2023,ERZURUM,1
203211095,2023,ESKİŞEHİR,1
203211095,2023,İSTANBUL,37
203211095,2023,SAKARYA,1
203211095,2024,BİNGÖL,1
203211095,2024,GÜMÜŞHANE,1
203211095,2024,İSTANBUL,81
203211095,2024,ŞANLIURFA,1
203211111,2022,ADIYAMAN,2
203211111,2022,AKSARAY,1
203211111,2022,ANKARA,14
203211111,2022,AYDIN,2
203211111,2022,BİLECİK,1
203211111,2022,BİNGÖL,2
203211111,2022,BİTLİS,1
203211111,2022,BOLU,1
203211111,2022,ÇANAKKALE,2
203211111,2022,DİYARBAKIR,4
203211111,2022,DÜZCE,1
203211111,2022,ERZURUM,2
203211111,2022,GAZİANTEP,1
203211111,2022,ISPARTA,5
203211111,2022,İSTANBUL,174
203211111,2022,KARABÜK,1
203211111,2022,KARAMAN,8
203211111,2022,KARS,1
203211111,2022,KAYSERİ,1
203211111,2022,KIRIKKALE,6
203211111,2022,KİLİS,1
203211111,2022,KONYA,17
203211111,2022,MALATYA,1
203211111,2022,MARDİN,2
203211111,2022,MUĞLA,1
203211111,2022,SAMSUN,7
203211111,2022,SİİRT,4
203211111,2022,ŞANLIURFA,1
203211111,2022,TEKİRDAĞ,2
203211111,2022,TOKAT,2
203211111,2022,UŞAK,2
203211111,2022,YALOVA,3
203211111,2022,YOZGAT,1
203211111,2022,ZONGULDAK,1
203211111,2023,ADIYAMAN,1
203211111,2023,ANKARA,10
203211111,2023,BİNGÖL,1
203211111,2023,ERZURUM,9
203211111,2023,ESKİŞEHİR,5
203211111,2023,GAZİANTEP,1
203211111,2023,İSTANBUL,99
203211111,2023,KARAMAN,2
203211111,2023,KIRIKKALE,1
203211111,2023,KONYA,3
203211111,2023,SAKARYA,1
203211111,2023,SAMSUN,1
203211111,2023,ŞANLIURFA,1
203211111,2024,ANKARA,1
203211111,2024,DÜZCE,1
203211111,2024,İSTANBUL,77
203211111,2024,KONYA,4
203211111,2024,SİİRT,1
203211129,2022,ADIYAMAN,1
203211129,2022,ANKARA,6
203211129,2022,ÇANAKKALE,1
203211129,2022,ESKİŞEHİR,2
203211129,2022,İSTANBUL,54
203211129,2022,İZMİR,3
203211129,2022,SAKARYA,1
203211129,2023,ANKARA,8
203211129,2023,İSTANBUL,31
203211129,2023,İZMİR,2
203211129,2024,ANKARA,7
203211129,2024,BURSA,1
203211129,2024,ELAZIĞ,3
203211129,2024,ESKİŞEHİR,4
203211129,2024,İSTANBUL,53
203211129,2024,İZMİR,2
203211138,2022,ANKARA,2
203211138,2022,BURSA,5
203211138,2022,DÜZCE,2
203211138,2022,EDİRNE,1
203211138,2022,GAZİANTEP,1
203211138,2022,İSTANBUL,77
203211138,2022,KAYSERİ,2
203211138,2022,KOCAELİ,8
203211138,2022,KONYA,2
203211138,2022,SAKARYA,1
203211138,2022,YALOVA,1
203211138,2023,ADANA,3
203211138,2023,ANKARA,2
203211138,2023,AYDIN,1
203211138,2023,BOLU,1
203211138,2023,EDİRNE,1
203211138,2023,ELAZIĞ,4
203211138,2023,GAZİANTEP,1
203211138,2023,ISPARTA,1
203211138,2023,İSTANBUL,69
203211138,2023,KAYSERİ,1
203211138,2023,KOCAELİ,3
203211138,2023,KONYA,1
203211138,2023,MALATYA,1
203211138,2023,MANİSA,1
203211138,2023,SAKARYA,1
203211138,2023,SAMSUN,1
203211138,2023,TEKİRDAĞ,1
203211138,2023,TRABZON,3
203211138,2023,YALOVA,1
203211138,2024,İSTANBUL,88
203211138,2024,KOCAELİ,1
203211138,2024,SAKARYA,1
203211156,2022,AMASYA,1
203211156,2022,ANKARA,3
203211156,2022,ANTALYA,1
203211156,2022,BALIKESİR,5
203211156,2022,BİLECİK,4
203211156,2022,BOLU,5
203211156,2022,BURSA,4
203211156,2022,ÇANAKKALE,2
203211156,2022,ÇORUM,1
203211156,2022,DENİZLİ,2
203211156,2022,DÜZCE,9
203211156,2022,EDİRNE,4
203211156,2022,ELAZIĞ,2
203211156,2022,ERZİNCAN,1
203211156,2022,ERZURUM,3
203211156,2022,GAZİANTEP,1
203211156,2022,ISPARTA,1
203211156,2022,İSTANBUL,325
203211156,2022,KARABÜK,2
203211156,2022,KAYSERİ,5
203211156,2022,KIRKLARELİ,1
203211156,2022,KIRŞEHİR,1
203211156,2022,KOCAELİ,5
203211156,2022,KONYA,6
203211156,2022,KÜTAHYA,1
203211156,2022,MALATYA,3
203211156,2022,MANİSA,1
203211156,2022,MERSİN,1
203211156,2022,RİZE,1
203211156,2022,SAKARYA,9
203211156,2022,SAMSUN,4
203211156,2022,SİVAS,8
203211156,2022,ŞANLIURFA,1
203211156,2022,TEKİRDAĞ,11
203211156,2022,TRABZON,1
203211156,2022,UŞAK,1
203211156,2022,YALOVA,7
203211156,2022,YOZGAT,1
203211156,2022,ZONGULDAK,3
203211156,2022,AFYONKARAHİSAR,1
203211156,2023,ADIYAMAN,1
203211156,2023,ANKARA,11
203211156,2023,ANTALYA,1
203211156,2023,ARTVİN,2
203211156,2023,AYDIN,1
203211156,2023,BALIKESİR,14
203211156,2023,BİLECİK,1
203211156,2023,BİNGÖL,1
203211156,2023,BİTLİS,1
203211156,2023,BURDUR,3
203211156,2023,BURSA,1
203211156,2023,ÇANAKKALE,4
203211156,2023,DENİZLİ,7
203211156,2023,DÜZCE,11
203211156,2023,EDİRNE,6
203211156,2023,ELAZIĞ,1
203211156,2023,ERZURUM,5
203211156,2023,ESKİŞEHİR,4
203211156,2023,GAZİANTEP,3
203211156,2023,HATAY,1
203211156,2023,ISPARTA,4
203211156,2023,İSTANBUL,328
203211156,2023,İZMİR,1
203211156,2023,KARABÜK,6
203211156,2023,KAYSERİ,4
203211156,2023,KIRIKKALE,2
203211156,2023,KIRKLARELİ,6
203211156,2023,KOCAELİ,11
203211156,2023,KONYA,8
203211156,2023,KÜTAHYA,4
203211156,2023,MALATYA,2
203211156,2023,MANİSA,4
203211156,2023,MERSİN,3
203211156,2023,MUĞLA,3
203211156,2023,NİĞDE,1
203211156,2023,RİZE,1
203211156,2023,SAKARYA,3
203211156,2023,SAMSUN,4
203211156,2023,TEKİRDAĞ,8
203211156,2023,TRABZON,6
203211156,2023,UŞAK,2
203211156,2023,VAN,1
203211156,2023,YALOVA,5
203211156,2023,YOZGAT,1
203211156,2023,ZONGULDAK,2
203211156,2023,AFYONKARAHİSAR,1
203211156,2024,ADANA,2
203211156,2024,AFYONKARAHİSAR,5
203211156,2024,AKSARAY,4
203211156,2024,AMASYA,5
203211156,2024,ANTALYA,1
203211156,2024,BALIKESİR,7
203211156,2024,BARTIN,2
203211156,2024,BİLECİK,5
203211156,2024,BOLU,2
203211156,2024,BURDUR,1
203211156,2024,BURSA,5
203211156,2024,ÇANAKKALE,2
203211156,2024,ÇANKIRI,2
203211156,2024,ÇORUM,1
203211156,2024,DÜZCE,11
203211156,2024,EDİRNE,7
203211156,2024,ERZURUM,5
203211156,2024,ESKİŞEHİR,4
203211156,2024,GİRESUN,4
203211156,2024,HATAY,2
203211156,2024,ISPARTA,4
203211156,2024,İSTANBUL,224
203211156,2024,KAHRAMANMARAŞ,1
203211156,2024,KARABÜK,17
203211156,2024,KASTAMONU,2
203211156,2024,KAYSERİ,4
203211156,2024,KIRIKKALE,1
203211156,2024,KIRKLARELİ,8
203211156,2024,KIRŞEHİR,2
203211156,2024,KOCAELİ,7
203211156,2024,KONYA,9
203211156,2024,KÜTAHYA,4
203211156,2024,MALATYA,1
203211156,2024,NEVŞEHİR,1
203211156,2024,NİĞDE,2
203211156,2024,RİZE,1
203211156,2024,SAKARYA,15
203211156,2024,SAMSUN,2
203211156,2024,SİNOP,1
203211156,2024,SİVAS,5
203211156,2024,TEKİRDAĞ,8
203211156,2024,TOKAT,1
203211156,2024,TRABZON,4
203211156,2024,UŞAK,5
203211156,2024,YALOVA,3
203211156,2024,ZONGULDAK,2
203211165,2022,ADANA,1
203211165,2022,ANKARA,10
203211165,2022,BALIKESİR,1
203211165,2022,BURSA,1
203211165,2022,ÇANAKKALE,1
203211165,2022,DENİZLİ,1
203211165,2022,EDİRNE,1
203211165,2022,GAZİANTEP,1
203211165,2022,İSTANBUL,39
203211165,2022,İZMİR,4
203211165,2022,KAYSERİ,1
203211165,2022,KONYA,6
203211165,2022,MALATYA,1
203211165,2022,MERSİN,1
203211165,2022,SAKARYA,1
203211165,2023,ANKARA,9
203211165,2023,ESKİŞEHİR,2
203211165,2023,İSTANBUL,24
203211165,2023,İZMİR,4
203211165,2023,KOCAELİ,1
203211165,2024,İSTANBUL,58
203211165,2024,KARABÜK,1
203211226,2022,AMASYA,2
203211226,2022,ANKARA,3
203211226,2022,BALIKESİR,1
203211226,2022,BOLU,8
203211226,2022,BURSA,4
203211226,2022,ÇANAKKALE,6
203211226,2022,ÇORUM,3
203211226,2022,EDİRNE,2
203211226,2022,ERZURUM,2
203211226,2022,ESKİŞEHİR,20
203211226,2022,İSTANBUL,215
203211226,2022,KIRKLARELİ,4
203211226,2022,KOCAELİ,5
203211226,2022,KONYA,4
203211226,2022,SAKARYA,11
203211226,2022,SAMSUN,1
203211226,2022,TEKİRDAĞ,1
203211226,2022,YALOVA,2
203211226,2022,ZONGULDAK,1
203211226,2023,AMASYA,2
203211226,2023,ANKARA,2
203211226,2023,BALIKESİR,1
203211226,2023,BARTIN,1
203211226,2023,BAYBURT,1
203211226,2023,BİLECİK,2
203211226,2023,BURDUR,1
203211226,2023,BURSA,1
203211226,2023,ÇANAKKALE,3
203211226,2023,ÇANKIRI,1
203211226,2023,DENİZLİ,1
203211226,2023,DÜZCE,3
203211226,2023,EDİRNE,2
203211226,2023,ERZURUM,2
203211226,2023,ESKİŞEHİR,7
203211226,2023,GİRESUN,1
203211226,2023,GÜMÜŞHANE,1
203211226,2023,İSTANBUL,144
203211226,2023,KARABÜK,3
203211226,2023,KARAMAN,1
203211226,2023,KASTAMONU,1
203211226,2023,KAYSERİ,1
203211226,2023,KIRKLARELİ,4
203211226,2023,KKTC-LEFKOŞA,1
203211226,2023,KOCAELİ,1
203211226,2023,KÜTAHYA,2
203211226,2023,ORDU,1
203211226,2023,SAKARYA,1
203211226,2023,SAMSUN,2
203211226,2023,SİNOP,1
203211226,2023,TEKİRDAĞ,1
203211226,2023,TOKAT,1
203211226,2023,TRABZON,1
203211226,2023,UŞAK,3
203211226,2023,YOZGAT,1
203211226,2023,ZONGULDAK,2
203211226,2023,AFYONKARAHİSAR,2
203211226,2024,ANKARA,1
203211226,2024,BAYBURT,1
203211226,2024,BOLU,1
203211226,2024,ÇANAKKALE,1
203211226,2024,DÜZCE,2
203211226,2024,EDİRNE,1
203211226,2024,ERZURUM,1
203211226,2024,GİRESUN,1
203211226,2024,İSTANBUL,61
203211226,2024,SİVAS,1
203211226,2024,TOKAT,1
203211235,2022,ANKARA,2
203211235,2022,ANTALYA,2
203211235,2022,AYDIN,1
203211235,2022,BOLU,2
203211235,2022,BURSA,3
203211235,2022,ÇANAKKALE,3
203211235,2022,ÇANKIRI,1
203211235,2022,EDİRNE,2
203211235,2022,ESKİŞEHİR,1
203211235,2022,İSTANBUL,80
203211235,2022,İZMİR,5
203211235,2022,KIRKLARELİ,1
203211235,2022,KOCAELİ,2
203211235,2022,MANİSA,1
203211235,2022,MUĞLA,2
203211235,2022,SAKARYA,2
203211235,2022,TRABZON,1
203211235,2023,ARTVİN,1
203211235,2023,BALIKESİR,1
203211235,2023,BOLU,1
203211235,2023,BURSA,2
203211235,2023,ÇANAKKALE,2
203211235,2023,ÇANKIRI,1
203211235,2023,DENİZLİ,1
203211235,2023,DÜZCE,2
203211235,2023,EDİRNE,2
203211235,2023,ERZİNCAN,1
203211235,2023,ESKİŞEHİR,1
203211235,2023,GİRESUN,2
203211235,2023,İSTANBUL,33
203211235,2023,İZMİR,1
203211235,2023,KAYSERİ,1
203211235,2023,KIRIKKALE,3
203211235,2023,KIRKLARELİ,1
203211235,2023,KOCAELİ,4
203211235,2023,KONYA,1
203211235,2023,MUĞLA,1
203211235,2023,ORDU,2
203211235,2023,RİZE,1
203211235,2023,SAKARYA,3
203211235,2023,YALOVA,1
203211235,2023,ZONGULDAK,1
203211235,2024,AFYONKARAHİSAR,1
203211235,2024,ANKARA,5
203211235,2024,BOLU,1
203211235,2024,DÜZCE,1
203211235,2024,EDİRNE,1
203211235,2024,GAZİANTEP,2
203211235,2024,HATAY,1
203211235,2024,İSTANBUL,29
203211235,2024,KASTAMONU,1
203211235,2024,KOCAELİ,1
203211235,2024,KONYA,2
203211235,2024,SAKARYA,1
203211244,2022,ADANA,3
203211244,2022,ADIYAMAN,2
203211244,2022,AĞRI,8
203211244,2022,AKSARAY,1
203211244,2022,AMASYA,3
203211244,2022,ANKARA,13
203211244,2022,ANTALYA,3
203211244,2022,ARTVİN,8
203211244,2022,AYDIN,1
203211244,2022,BALIKESİR,1
203211244,2022,BARTIN,7
203211244,2022,BAYBURT,8
203211244,2022,BİNGÖL,1
203211244,2022,BOLU,8
203211244,2022,BURDUR,5
203211244,2022,BURSA,6
203211244,2022,ÇANAKKALE,1
203211244,2022,ÇANKIRI,2
203211244,2022,DÜZCE,14
203211244,2022,EDİRNE,5
203211244,2022,ELAZIĞ,1
203211244,2022,ERZİNCAN,5
203211244,2022,ERZURUM,1
203211244,2022,ESKİŞEHİR,4
203211244,2022,GAZİANTEP,8
203211244,2022,GİRESUN,9
203211244,2022,GÜMÜŞHANE,3
203211244,2022,HAKKARİ,5
203211244,2022,ISPARTA,1
203211244,2022,İSTANBUL,333
203211244,2022,İZMİR,2
203211244,2022,KAHRAMANMARAŞ,1
203211244,2022,KARAMAN,7
203211244,2022,KARS,5
203211244,2022,KASTAMONU,7
203211244,2022,KAYSERİ,2
203211244,2022,KIRIKKALE,4
203211244,2022,KIRŞEHİR,3
203211244,2022,KİLİS,6
203211244,2022,KKTC-GAZİMAĞUSA,4
203211244,2022,KKTC-GİRNE,4
203211244,2022,KKTC-LEFKE,3
203211244,2022,KKTC-LEFKOŞA,7
203211244,2022,KONYA,7
203211244,2022,KÜTAHYA,2
203211244,2022,MALATYA,1
203211244,2022,MANİSA,2
203211244,2022,MERSİN,1
203211244,2022,MUĞLA,2
203211244,2022,MUŞ,4
203211244,2022,NEVŞEHİR,2
203211244,2022,NİĞDE,2
203211244,2022,ORDU,4
203211244,2022,RİZE,6
203211244,2022,SAKARYA,11
203211244,2022,SAMSUN,1
203211244,2022,SİİRT,3
203211244,2022,SİNOP,8
203211244,2022,SİVAS,3
203211244,2022,TOKAT,6
203211244,2022,TRABZON,1
203211244,2022,TUNCELİ,1
203211244,2022,UŞAK,10
203211244,2022,VAN,2
203211244,2022,YOZGAT,6
203211244,2022,ZONGULDAK,7
203211244,2022,AFYONKARAHİSAR,5
203211244,2023,ADANA,4
203211244,2023,ADIYAMAN,4
203211244,2023,AĞRI,1
203211244,2023,AKSARAY,2
203211244,2023,AMASYA,3
203211244,2023,ANKARA,8
203211244,2023,ARTVİN,7
203211244,2023,BALIKESİR,1
203211244,2023,BARTIN,11
203211244,2023,BAYBURT,10
203211244,2023,BİLECİK,2
203211244,2023,BİNGÖL,1
203211244,2023,BOLU,4
203211244,2023,BURSA,2
203211244,2023,ÇANAKKALE,3
203211244,2023,ÇANKIRI,1
203211244,2023,DİYARBAKIR,1
203211244,2023,DÜZCE,8
203211244,2023,EDİRNE,8
203211244,2023,ELAZIĞ,2
203211244,2023,ERZİNCAN,5
203211244,2023,ESKİŞEHİR,1
203211244,2023,GAZİANTEP,8
203211244,2023,GİRESUN,6
203211244,2023,GÜMÜŞHANE,3
203211244,2023,HAKKARİ,4
203211244,2023,HATAY,4
203211244,2023,İSTANBUL,288
203211244,2023,İZMİR,2
203211244,2023,KAHRAMANMARAŞ,5
203211244,2023,KARAMAN,5
203211244,2023,KARS,5
203211244,2023,KASTAMONU,10
203211244,2023,KIRIKKALE,5
203211244,2023,KIRŞEHİR,2
203211244,2023,KİLİS,3
203211244,2023,KKTC-GAZİMAĞUSA,2
203211244,2023,KKTC-GİRNE,1
203211244,2023,KKTC-LEFKE,2
203211244,2023,KKTC-LEFKOŞA,4
203211244,2023,KONYA,4
203211244,2023,MALATYA,2
203211244,2023,MANİSA,3
203211244,2023,MERSİN,2
203211244,2023,MUŞ,5
203211244,2023,NİĞDE,1
203211244,2023,RİZE,8
203211244,2023,SAKARYA,5
203211244,2023,SAMSUN,2
203211244,2023,SİİRT,3
203211244,2023,SİNOP,7
203211244,2023,SİVAS,1
203211244,2023,ŞANLIURFA,2
203211244,2023,TOKAT,5
203211244,2023,UŞAK,2
203211244,2023,YOZGAT,4
203211244,2023,ZONGULDAK,6
203211244,2023,AFYONKARAHİSAR,1
203211244,2024,ADIYAMAN,2
203211244,2024,AFYONKARAHİSAR,3
203211244,2024,AĞRI,3
203211244,2024,AKSARAY,1
203211244,2024,AMASYA,1
203211244,2024,ANKARA,3
203211244,2024,ANTALYA,5
203211244,2024,ARTVİN,5
203211244,2024,AYDIN,2
203211244,2024,BALIKESİR,1
203211244,2024,BARTIN,5
203211244,2024,BAYBURT,2
203211244,2024,BİLECİK,1
203211244,2024,BİNGÖL,1
203211244,2024,BOLU,2
203211244,2024,BURSA,1
203211244,2024,ÇANKIRI,1
203211244,2024,DİYARBAKIR,1
203211244,2024,DÜZCE,3
203211244,2024,EDİRNE,2
203211244,2024,ELAZIĞ,1
203211244,2024,ERZİNCAN,2
203211244,2024,ERZURUM,1
203211244,2024,ESKİŞEHİR,7
203211244,2024,GAZİANTEP,4
203211244,2024,GİRESUN,4
203211244,2024,GÜMÜŞHANE,1
203211244,2024,HAKKARİ,1
203211244,2024,HATAY,2
203211244,2024,İSTANBUL,243
203211244,2024,İZMİR,5
203211244,2024,KAHRAMANMARAŞ,4
203211244,2024,KARAMAN,3
203211244,2024,KARS,5
203211244,2024,KASTAMONU,7
203211244,2024,KAYSERİ,1
203211244,2024,KIRKLARELİ,1
203211244,2024,KIRŞEHİR,1
203211244,2024,KİLİS,4
203211244,2024,KOCAELİ,5
203211244,2024,KONYA,4
203211244,2024,KÜTAHYA,1
203211244,2024,MALATYA,1
203211244,2024,MANİSA,1
203211244,2024,MERSİN,1
203211244,2024,MUĞLA,6
203211244,2024,MUŞ,2
203211244,2024,NEVŞEHİR,1
203211244,2024,NİĞDE,1
203211244,2024,ORDU,1
203211244,2024,RİZE,4
203211244,2024,SAKARYA,3
203211244,2024,SAMSUN,2
203211244,2024,SİİRT,1
203211244,2024,SİNOP,2
203211244,2024,SİVAS,2
203211244,2024,ŞANLIURFA,1
203211244,2024,TOKAT,3
203211244,2024,TRABZON,2
203211244,2024,UŞAK,2
203211244,2024,VAN,1
203211244,2024,YOZGAT,1
203211244,2024,ZONGULDAK,4
203211277,2022,AKSARAY,1
203211277,2022,AMASYA,2
203211277,2022,BALIKESİR,1
203211277,2022,BOLU,2
203211277,2022,BURSA,2
203211277,2022,ÇANAKKALE,2
203211277,2022,DÜZCE,3
203211277,2022,EDİRNE,4
203211277,2022,ESKİŞEHİR,1
203211277,2022,GİRESUN,1
203211277,2022,İSTANBUL,72
203211277,2022,İZMİR,1
203211277,2022,KIRIKKALE,1
203211277,2022,KIRŞEHİR,1
203211277,2022,KOCAELİ,6
203211277,2022,KONYA,1
203211277,2022,KÜTAHYA,2
203211277,2022,MANİSA,1
203211277,2022,ORDU,1
203211277,2022,SAKARYA,4
203211277,2022,SAMSUN,2
203211277,2022,SİNOP,1
203211277,2022,ŞANLIURFA,1
203211277,2022,TEKİRDAĞ,1
203211277,2022,TRABZON,1
203211277,2022,VAN,1
203211277,2022,YALOVA,1
203211277,2022,ZONGULDAK,1
203211277,2023,AĞRI,1
203211277,2023,AMASYA,1
203211277,2023,BALIKESİR,1
203211277,2023,BOLU,1
203211277,2023,BURSA,1
203211277,2023,ÇANAKKALE,1
203211277,2023,DÜZCE,1
203211277,2023,EDİRNE,1
203211277,2023,ERZİNCAN,2
203211277,2023,ERZURUM,2
203211277,2023,ESKİŞEHİR,1
203211277,2023,İSTANBUL,42
203211277,2023,KOCAELİ,2
203211277,2023,KONYA,2
203211277,2023,MALATYA,1
203211277,2023,MANİSA,1
203211277,2023,ORDU,1
203211277,2023,RİZE,1
203211277,2023,SAKARYA,1
203211277,2023,SAMSUN,1
203211277,2023,SİNOP,1
203211277,2023,TRABZON,2
203211277,2023,ZONGULDAK,1
203211277,2024,İSTANBUL,58
203211279,2022,ADANA,2
203211279,2022,ADIYAMAN,2
203211279,2022,AĞRI,1
203211279,2022,AKSARAY,3
203211279,2022,AMASYA,6
203211279,2022,ANKARA,26
203211279,2022,ANTALYA,8
203211279,2022,AYDIN,1
203211279,2022,BALIKESİR,8
203211279,2022,BARTIN,2
203211279,2022,BAYBURT,2
203211279,2022,BİLECİK,1
203211279,2022,BİTLİS,1
203211279,2022,BOLU,2
203211279,2022,BURDUR,1
203211279,2022,BURSA,6
203211279,2022,ÇANAKKALE,4
203211279,2022,ÇORUM,1
203211279,2022,DENİZLİ,2
203211279,2022,DİYARBAKIR,1
203211279,2022,DÜZCE,7
203211279,2022,EDİRNE,3
203211279,2022,ELAZIĞ,1
203211279,2022,ERZİNCAN,1
203211279,2022,ESKİŞEHİR,5
203211279,2022,GAZİANTEP,4
203211279,2022,GİRESUN,2
203211279,2022,ISPARTA,4
203211279,2022,İSTANBUL,318
203211279,2022,İZMİR,17
203211279,2022,KAHRAMANMARAŞ,1
203211279,2022,KARABÜK,3
203211279,2022,KARAMAN,5
203211279,2022,KARS,1
203211279,2022,KASTAMONU,3
203211279,2022,KAYSERİ,2
203211279,2022,KIRIKKALE,1
203211279,2022,KIRŞEHİR,2
203211279,2022,KKTC-LEFKE,1
203211279,2022,KOCAELİ,9
203211279,2022,KONYA,15
203211279,2022,KÜTAHYA,8
203211279,2022,MALATYA,7
203211279,2022,MANİSA,1
203211279,2022,MERSİN,3
203211279,2022,MUĞLA,5
203211279,2022,MUŞ,1
203211279,2022,NEVŞEHİR,3
203211279,2022,NİĞDE,2
203211279,2022,ORDU,3
203211279,2022,OSMANİYE,1
203211279,2022,RİZE,4
203211279,2022,SAKARYA,10
203211279,2022,SİNOP,2
203211279,2022,SİVAS,2
203211279,2022,TEKİRDAĞ,4
203211279,2022,TOKAT,2
203211279,2022,TRABZON,3
203211279,2022,UŞAK,2
203211279,2022,VAN,2
203211279,2022,YALOVA,2
203211279,2022,YOZGAT,5
203211279,2022,ZONGULDAK,5
203211279,2022,AFYONKARAHİSAR,3
203211279,2023,ADANA,1
203211279,2023,ADIYAMAN,1
203211279,2023,AĞRI,1
203211279,2023,AMASYA,1
203211279,2023,ANKARA,5
203211279,2023,ANTALYA,1
203211279,2023,ARTVİN,1
203211279,2023,AYDIN,4
203211279,2023,BALIKESİR,10
203211279,2023,BİLECİK,1
203211279,2023,BOLU,7
203211279,2023,BURSA,5
203211279,2023,ÇANAKKALE,6
203211279,2023,ÇORUM,1
203211279,2023,DENİZLİ,2
203211279,2023,DÜZCE,6
203211279,2023,EDİRNE,10
203211279,2023,ELAZIĞ,1
203211279,2023,ERZİNCAN,1
203211279,2023,ERZURUM,3
203211279,2023,ESKİŞEHİR,3
203211279,2023,GAZİANTEP,14
203211279,2023,GİRESUN,3
203211279,2023,HAKKARİ,2
203211279,2023,HATAY,1
203211279,2023,IĞDIR,1
203211279,2023,İSTANBUL,336
203211279,2023,İZMİR,9
203211279,2023,KAHRAMANMARAŞ,3
203211279,2023,KARABÜK,1
203211279,2023,KARS,2
203211279,2023,KAYSERİ,3
203211279,2023,KIRIKKALE,1
203211279,2023,KIRKLARELİ,2
203211279,2023,KİLİS,1
203211279,2023,KKTC-GİRNE,1
203211279,2023,KOCAELİ,9
203211279,2023,KONYA,5
203211279,2023,KÜTAHYA,2
203211279,2023,MALATYA,1
203211279,2023,MANİSA,5
203211279,2023,MERSİN,3
203211279,2023,MUĞLA,5
203211279,2023,ORDU,5
203211279,2023,RİZE,1
203211279,2023,SAKARYA,14
203211279,2023,SAMSUN,3
203211279,2023,SİNOP,1
203211279,2023,SİVAS,2
203211279,2023,ŞANLIURFA,1
203211279,2023,TEKİRDAĞ,5
203211279,2023,TRABZON,4
203211279,2023,VAN,1
203211279,2023,YALOVA,4
203211279,2023,YOZGAT,1
203211279,2023,AFYONKARAHİSAR,1
203211279,2024,AYDIN,1
203211279,2024,BALIKESİR,1
203211279,2024,BOLU,1
203211279,2024,BURSA,1
203211279,2024,ÇANAKKALE,2
203211279,2024,EDİRNE,1
203211279,2024,ESKİŞEHİR,2
203211279,2024,İSTANBUL,49
203211279,2024,İZMİR,1
203211279,2024,KOCAELİ,1
203211279,2024,MANİSA,1
203211279,2024,MUĞLA,1
203211279,2024,TEKİRDAĞ,1
203211283,2022,BOLU,2
203211283,2022,DÜZCE,2
203211283,2022,ERZURUM,1
203211283,2022,ESKİŞEHİR,1
203211283,2022,İSTANBUL,48
203211283,2022,KOCAELİ,1
203211283,2022,SAKARYA,2
203211283,2022,YALOVA,1
203211283,2023,BURSA,1
203211283,2023,İSTANBUL,14
203211283,2024,ANKARA,1
203211283,2024,İSTANBUL,35
203211283,2024,KONYA,1
203211285,2022,AMASYA,1
203211285,2022,ANKARA,9
203211285,2022,ANTALYA,3
203211285,2022,BALIKESİR,1
203211285,2022,BOLU,5
203211285,2022,BURSA,3
203211285,2022,ÇANAKKALE,5
203211285,2022,DÜZCE,4
203211285,2022,EDİRNE,2
203211285,2022,ERZURUM,5
203211285,2022,ESKİŞEHİR,5
203211285,2022,GİRESUN,1
203211285,2022,İSTANBUL,240
203211285,2022,İZMİR,1
203211285,2022,KARABÜK,2
203211285,2022,KASTAMONU,3
203211285,2022,KAYSERİ,1
203211285,2022,KIRIKKALE,1
203211285,2022,KIRKLARELİ,1
203211285,2022,KOCAELİ,5
203211285,2022,KONYA,4
203211285,2022,KÜTAHYA,1
203211285,2022,MALATYA,2
203211285,2022,MUĞLA,1
203211285,2022,RİZE,1
203211285,2022,SAKARYA,15
203211285,2022,SAMSUN,2
203211285,2022,SİNOP,2
203211285,2022,TEKİRDAĞ,9
203211285,2022,TRABZON,1
203211285,2022,VAN,1
203211285,2022,YALOVA,14
203211285,2022,ZONGULDAK,1
203211285,2023,AKSARAY,1
203211285,2023,AMASYA,2
203211285,2023,ANKARA,5
203211285,2023,ANTALYA,1
203211285,2023,BALIKESİR,4
203211285,2023,BARTIN,1
203211285,2023,BİLECİK,9
203211285,2023,BOLU,12
203211285,2023,BURSA,4
203211285,2023,ÇANAKKALE,5
203211285,2023,ÇANKIRI,1
203211285,2023,DİYARBAKIR,3
203211285,2023,DÜZCE,6
203211285,2023,EDİRNE,3
203211285,2023,ERZURUM,6
203211285,2023,ESKİŞEHİR,15
203211285,2023,GAZİANTEP,1
203211285,2023,GİRESUN,1
203211285,2023,HAKKARİ,1
203211285,2023,ISPARTA,1
203211285,2023,İSTANBUL,161
203211285,2023,İZMİR,1
203211285,2023,KARABÜK,5
203211285,2023,KASTAMONU,1
203211285,2023,KAYSERİ,2
203211285,2023,KIRIKKALE,1
203211285,2023,KIRKLARELİ,6
203211285,2023,KOCAELİ,3
203211285,2023,KONYA,3
203211285,2023,KÜTAHYA,3
203211285,2023,MANİSA,1
203211285,2023,MARDİN,1
203211285,2023,MERSİN,2
203211285,2023,MUŞ,1
203211285,2023,RİZE,1
203211285,2023,SAKARYA,3
203211285,2023,SAMSUN,2
203211285,2023,SİVAS,1
203211285,2023,ŞIRNAK,1
203211285,2023,TEKİRDAĞ,3
203211285,2023,TOKAT,1
203211285,2023,UŞAK,1
203211285,2023,YALOVA,10
203211285,2023,AFYONKARAHİSAR,1
203211285,2024,ANKARA,4
203211285,2024,BALIKESİR,5
203211285,2024,BAYBURT,1
203211285,2024,BİLECİK,3
203211285,2024,BİNGÖL,2
203211285,2024,BOLU,6
203211285,2024,BURDUR,1
203211285,2024,BURSA,4
203211285,2024,ÇANAKKALE,3
203211285,2024,ÇANKIRI,1
203211285,2024,ÇORUM,1
203211285,2024,DÜZCE,2
203211285,2024,EDİRNE,3
203211285,2024,ELAZIĞ,2
203211285,2024,ERZİNCAN,1
203211285,2024,ERZURUM,7
203211285,2024,ESKİŞEHİR,9
203211285,2024,GAZİANTEP,1
203211285,2024,GİRESUN,1
203211285,2024,GÜMÜŞHANE,1
203211285,2024,İSTANBUL,143
203211285,2024,İZMİR,2
203211285,2024,KARABÜK,1
203211285,2024,KASTAMONU,1
203211285,2024,KAYSERİ,2
203211285,2024,KIRKLARELİ,1
203211285,2024,KIRŞEHİR,1
203211285,2024,KOCAELİ,2
203211285,2024,KONYA,5
203211285,2024,MALATYA,1
203211285,2024,MANİSA,3
203211285,2024,MERSİN,1
203211285,2024,NİĞDE,1
203211285,2024,SAKARYA,3
203211285,2024,SAMSUN,1
203211285,2024,SİNOP,1
203211285,2024,SİVAS,1
203211285,2024,TEKİRDAĞ,4
203211285,2024,TOKAT,1
203211285,2024,TUNCELİ,1
203211285,2024,YALOVA,1
203211285,2024,ZONGULDAK,3
203211288,2022,ANKARA,1
203211288,2022,ANTALYA,1
203211288,2022,ARTVİN,1
203211288,2022,BALIKESİR,2
203211288,2022,BOLU,1
203211288,2022,BURSA,2
203211288,2022,ÇANAKKALE,1
203211288,2022,EDİRNE,2
203211288,2022,ERZURUM,2
203211288,2022,İSTANBUL,77
203211288,2022,MANİSA,1
203211288,2022,SAKARYA,1
203211288,2022,SAMSUN,3
203211288,2022,TEKİRDAĞ,3
203211288,2022,TRABZON,1
203211288,2022,YALOVA,1
203211288,2022,AFYONKARAHİSAR,1
203211288,2023,İSTANBUL,26
203211288,2024,ANKARA,1
203211288,2024,İSTANBUL,37
203211288,2024,KOCAELİ,6
203211288,2024,KONYA,17
203211289,2022,ANKARA,2
203211289,2022,ANTALYA,1
203211289,2022,AYDIN,1
203211289,2022,BURSA,4
203211289,2022,ÇANAKKALE,1
203211289,2022,ESKİŞEHİR,3
203211289,2022,İSTANBUL,133
203211289,2022,İZMİR,1
203211289,2022,KOCAELİ,2
203211289,2022,KONYA,5
203211289,2022,SAKARYA,1
203211289,2022,TEKİRDAĞ,1
203211289,2022,TRABZON,1
203211289,2023,İSTANBUL,19
203211289,2023,KOCAELİ,1
203211289,2023,SAKARYA,1
203211289,2024,BARTIN,1
203211289,2024,BURSA,2
203211289,2024,ESKİŞEHİR,3
203211289,2024,İSTANBUL,48
203211289,2024,KOCAELİ,7
203211289,2024,SAKARYA,1
203211290,2022,ANKARA,2
203211290,2022,BALIKESİR,3
203211290,2022,BURSA,9
203211290,2022,ÇANAKKALE,8
203211290,2022,DÜZCE,2
203211290,2022,İSTANBUL,38
203211290,2022,KOCAELİ,3
203211290,2022,KONYA,1
203211290,2022,KÜTAHYA,3
203211290,2022,SAKARYA,7
203211290,2022,TRABZON,1
203211290,2022,YALOVA,3
203211290,2023,İSTANBUL,138
203211290,2023,KONYA,1
203211290,2023,SAKARYA,1
203211290,2024,BALIKESİR,3
203211290,2024,BOLU,1
203211290,2024,ÇANAKKALE,1
203211290,2024,ESKİŞEHİR,2
203211290,2024,İSTANBUL,53
203211290,2024,SAKARYA,1
203211290,2024,YALOVA,2
203211291,2022,İSTANBUL,58
203211291,2023,İSTANBUL,85
203211291,2023,SAKARYA,1
203211291,2024,EDİRNE,1
203211291,2024,ESKİŞEHİR,1
203211291,2024,İSTANBUL,143
203211291,2024,İZMİR,2
203211291,2024,KOCAELİ,3
203211291,2024,MUĞLA,1
203211292,2022,BALIKESİR,3
203211292,2022,BOLU,2
203211292,2022,BURSA,5
203211292,2022,ÇANAKKALE,8
203211292,2022,EDİRNE,2
203211292,2022,İSTANBUL,269
203211292,2022,KARABÜK,3
203211292,2022,KIRKLARELİ,3
203211292,2022,KOCAELİ,2
203211292,2022,SAKARYA,9
203211292,2022,TEKİRDAĞ,2
203211292,2022,YALOVA,5
203211292,2023,BALIKESİR,5
203211292,2023,BOLU,2
203211292,2023,BURSA,1
203211292,2023,ÇANAKKALE,1
203211292,2023,DÜZCE,2
203211292,2023,EDİRNE,1
203211292,2023,İSTANBUL,268
203211292,2023,MUĞLA,1
203211292,2023,NEVŞEHİR,1
203211292,2023,TEKİRDAĞ,4
203211292,2023,YALOVA,1
203211292,2024,AMASYA,2
203211292,2024,ANKARA,4
203211292,2024,ANTALYA,4
203211292,2024,AYDIN,1
203211292,2024,BALIKESİR,8
203211292,2024,BOLU,6
203211292,2024,BURSA,3
203211292,2024,ÇANAKKALE,3
203211292,2024,DÜZCE,7
203211292,2024,EDİRNE,5
203211292,2024,ESKİŞEHİR,9
203211292,2024,GAZİANTEP,1
203211292,2024,İSTANBUL,386
203211292,2024,İZMİR,2
203211292,2024,KARABÜK,1
203211292,2024,KIBRIS,5
203211292,2024,KOCAELİ,9
203211292,2024,KONYA,1
203211292,2024,KÜTAHYA,1
203211292,2024,MANİSA,3
203211292,2024,MUĞLA,3
203211292,2024,NİĞDE,1
203211292,2024,SAKARYA,6
203211292,2024,SAMSUN,2
203211292,2024,TEKİRDAĞ,5
203211292,2024,TRABZON,3
203211292,2024,UŞAK,1
203211292,2024,YALOVA,7
203211293,2022,ANKARA,1
203211293,2022,İSTANBUL,26
203211293,2022,İZMİR,1
203211293,2022,KONYA,1
203211293,2023,İSTANBUL,56
203211293,2024,İSTANBUL,105
203211293,2024,İZMİR,1
203211294,2022,ADANA,6
203211294,2022,ANKARA,1
203211294,2022,ANTALYA,1
203211294,2022,AYDIN,1
203211294,2022,BOLU,1
203211294,2022,BURSA,3
203211294,2022,ESKİŞEHİR,2
203211294,2022,İSTANBUL,263
203211294,2022,KOCAELİ,2
203211294,2022,SAKARYA,5
203211294,2022,SAMSUN,2
203211294,2022,TRABZON,1
203211294,2022,YALOVA,1
203211294,2023,ANKARA,1
203211294,2023,AYDIN,1
203211294,2023,BALIKESİR,3
203211294,2023,BOLU,3
203211294,2023,BURSA,6
203211294,2023,ÇANAKKALE,7
203211294,2023,DENİZLİ,1
203211294,2023,DÜZCE,2
203211294,2023,EDİRNE,2
203211294,2023,ESKİŞEHİR,3
203211294,2023,IĞDIR,1
203211294,2023,İSTANBUL,244
203211294,2023,KIRKLARELİ,2
203211294,2023,KKTC-LEFKE,1
203211294,2023,KOCAELİ,2
203211294,2023,KONYA,1
203211294,2023,KÜTAHYA,1
203211294,2023,MANİSA,1
203211294,2023,SAKARYA,4
203211294,2023,SARAYBOSNA - BOSNA - HERSEK,3
203211294,2023,TEKİRDAĞ,2
203211294,2023,TRABZON,1
203211294,2023,YALOVA,2
203211294,2024,ANKARA,7
203211294,2024,ANTALYA,1
203211294,2024,AYDIN,4
203211294,2024,BALIKESİR,1
203211294,2024,BOSNA-HERSEK,1
203211294,2024,BURSA,1
203211294,2024,ÇANAKKALE,3
203211294,2024,DENİZLİ,2
203211294,2024,DÜZCE,1
203211294,2024,ESKİŞEHİR,1
203211294,2024,GAZİANTEP,1
203211294,2024,GİRESUN,1
203211294,2024,İSTANBUL,330
203211294,2024,İZMİR,4
203211294,2024,KARABÜK,1
203211294,2024,KIBRIS,1
203211294,2024,KIRKLARELİ,1
203211294,2024,KOCAELİ,6
203211294,2024,MUĞLA,6
203211294,2024,NEVŞEHİR,1
203211294,2024,SAKARYA,1
203211294,2024,SAMSUN,3
203211294,2024,TEKİRDAĞ,2
203211294,2024,YALOVA,4
203211294,2024,ZONGULDAK,1
203211295,2022,ANKARA,1
203211295,2022,ÇANAKKALE,1
203211295,2022,EDİRNE,2
203211295,2022,İSTANBUL,54
203211295,2022,KASTAMONU,2
203211295,2023,ANKARA,8
203211295,2023,İSTANBUL,64
203211295,2023,SAKARYA,2
203211295,2024,DÜZCE,1
203211295,2024,İSTANBUL,51
203211295,2024,KOCAELİ,2
203211296,2022,ANKARA,2
203211296,2022,ANTALYA,1
203211296,2022,BURSA,2
203211296,2022,ÇANAKKALE,1
203211296,2022,ESKİŞEHİR,1
203211296,2022,İSTANBUL,247
203211296,2022,İZMİR,3
203211296,2022,SAMSUN,1
203211296,2023,ANKARA,1
203211296,2023,BALIKESİR,1
203211296,2023,BOLU,3
203211296,2023,BURSA,2
203211296,2023,ÇANAKKALE,3
203211296,2023,DÜZCE,1
203211296,2023,EDİRNE,3
203211296,2023,ERZURUM,6
203211296,2023,ESKİŞEHİR,5
203211296,2023,İSTANBUL,228
203211296,2023,İZMİR,1
203211296,2023,KARABÜK,3
203211296,2023,KIRKLARELİ,8
203211296,2023,KÜTAHYA,1
203211296,2023,MERSİN,1
203211296,2023,MUĞLA,1
203211296,2023,SAKARYA,1
203211296,2023,SİVAS,3
203211296,2023,ZONGULDAK,4
203211296,2023,AFYONKARAHİSAR,3
203211296,2024,İSTANBUL,28
203211297,2022,BURSA,3
203211297,2022,İSTANBUL,59
203211297,2022,KOCAELİ,4
203211297,2022,MANİSA,3
203211297,2022,SAKARYA,7
203211297,2022,YALOVA,4
203211297,2023,AMASYA,1
203211297,2023,ANKARA,1
203211297,2023,BALIKESİR,1
203211297,2023,BARTIN,1
203211297,2023,BİLECİK,2
203211297,2023,BOLU,1
203211297,2023,ÇANKIRI,1
203211297,2023,DÜZCE,3
203211297,2023,ELAZIĞ,2
203211297,2023,ERZURUM,4
203211297,2023,ESKİŞEHİR,8
203211297,2023,GİRESUN,1
203211297,2023,GÜMÜŞHANE,1
203211297,2023,ISPARTA,1
203211297,2023,İSTANBUL,178
203211297,2023,KARABÜK,2
203211297,2023,KASTAMONU,3
203211297,2023,KAYSERİ,1
203211297,2023,KIRKLARELİ,1
203211297,2023,KKTC-GAZİMAĞUSA,1
203211297,2023,KKTC-GİRNE,2
203211297,2023,KKTC-LEFKE,1
203211297,2023,KKTC-LEFKOŞA,1
203211297,2023,KOCAELİ,2
203211297,2023,KONYA,5
203211297,2023,KÜTAHYA,1
203211297,2023,MALATYA,1
203211297,2023,NEVŞEHİR,1
203211297,2023,RİZE,3
203211297,2023,SAKARYA,3
203211297,2023,SİVAS,1
203211297,2023,UŞAK,1
203211297,2024,ADIYAMAN,2
203211297,2024,AĞRI,1
203211297,2024,AKSARAY,1
203211297,2024,AMASYA,1
203211297,2024,ANKARA,2
203211297,2024,ANTALYA,1
203211297,2024,ARDAHAN,1
203211297,2024,BALIKESİR,2
203211297,2024,BATMAN,1
203211297,2024,BİLECİK,1
203211297,2024,BİNGÖL,1
203211297,2024,BOLU,2
203211297,2024,BURSA,1
203211297,2024,ÇANAKKALE,1
203211297,2024,ÇANKIRI,1
203211297,2024,ELAZIĞ,1
203211297,2024,ESKİŞEHİR,5
203211297,2024,GİRESUN,4
203211297,2024,GÜMÜŞHANE,1
203211297,2024,İSTANBUL,127
203211297,2024,KASTAMONU,1
203211297,2024,KAYSERİ,1
203211297,2024,KIRIKKALE,1
203211297,2024,KONYA,1
203211297,2024,KÜTAHYA,1
203211297,2024,MANİSA,1
203211297,2024,MERSİN,1
203211297,2024,ORDU,1
203211297,2024,SAKARYA,4
203211297,2024,TOKAT,1
203211297,2024,VAN,1
203211297,2024,YALOVA,2
203211298,2022,ANKARA,2
203211298,2022,ANTALYA,1
203211298,2022,İSTANBUL,159
203211298,2022,İZMİR,1
203211298,2022,KONYA,5
203211298,2022,SAMSUN,1
203211298,2022,SİVAS,1
203211298,2023,ANKARA,1
203211298,2023,İSTANBUL,30
203211298,2024,İSTANBUL,56
203211299,2022,ANKARA,3
203211299,2022,BURSA,1
203211299,2022,ÇANAKKALE,1
203211299,2022,İSTANBUL,63
203211299,2022,KAYSERİ,2
203211299,2022,KOCAELİ,2
203211299,2022,KONYA,1
203211299,2022,SAKARYA,1
203211299,2023,ANKARA,3
203211299,2023,İSTANBUL,47
203211299,2023,İZMİR,2
203211299,2023,KOCAELİ,6
203211299,2024,ANKARA,1
203211299,2024,ERZURUM,1
203211299,2024,İSTANBUL,76
203211299,2024,TRABZON,1
203211300,2022,ANKARA,2
203211300,2022,BALIKESİR,1
203211300,2022,BARTIN,1
203211300,2022,BOLU,1
203211300,2022,BURSA,2
203211300,2022,ÇANAKKALE,2
203211300,2022,EDİRNE,3
203211300,2022,ERZURUM,2
203211300,2022,ESKİŞEHİR,3
203211300,2022,İSTANBUL,168
203211300,2022,İZMİR,2
203211300,2022,KIRKLARELİ,1
203211300,2022,KOCAELİ,1
203211300,2022,KÜTAHYA,1
203211300,2022,NEVŞEHİR,1
203211300,2022,ORDU,1
203211300,2022,SAKARYA,1
203211300,2022,SAMSUN,1
203211300,2022,SİVAS,1
203211300,2022,TEKİRDAĞ,1
203211300,2023,ADANA,1
203211300,2023,AKSARAY,1
203211300,2023,ANTALYA,1
203211300,2023,AYDIN,1
203211300,2023,BALIKESİR,3
203211300,2023,BARTIN,2
203211300,2023,BİLECİK,2
203211300,2023,BOLU,1
203211300,2023,BURDUR,1
203211300,2023,BURSA,2
203211300,2023,ÇANAKKALE,3
203211300,2023,DENİZLİ,2
203211300,2023,DÜZCE,2
203211300,2023,EDİRNE,6
203211300,2023,ESKİŞEHİR,3
203211300,2023,İSTANBUL,170
203211300,2023,İZMİR,10
203211300,2023,KAYSERİ,1
203211300,2023,KOCAELİ,4
203211300,2023,KONYA,1
203211300,2023,KÜTAHYA,3
203211300,2023,MUĞLA,1
203211300,2023,NEVŞEHİR,1
203211300,2023,ORDU,2
203211300,2023,SAMSUN,1
203211300,2023,TEKİRDAĞ,4
203211300,2023,UŞAK,1
203211300,2023,ZONGULDAK,4
203211300,2023,AFYONKARAHİSAR,2
203211300,2024,AFYONKARAHİSAR,2
203211300,2024,AĞRI,1
203211300,2024,AKSARAY,1
203211300,2024,AMASYA,1
203211300,2024,ANKARA,8
203211300,2024,AYDIN,1
203211300,2024,BALIKESİR,2
203211300,2024,BARTIN,3
203211300,2024,BİLECİK,2
203211300,2024,BİNGÖL,1
203211300,2024,BOLU,1
203211300,2024,BURDUR,1
203211300,2024,BURSA,3
203211300,2024,ÇANAKKALE,1
203211300,2024,EDİRNE,2
203211300,2024,ELAZIĞ,1
203211300,2024,ERZİNCAN,1
203211300,2024,ERZURUM,1
203211300,2024,İSTANBUL,218
203211300,2024,İZMİR,3
203211300,2024,KAHRAMANMARAŞ,1
203211300,2024,KARS,2
203211300,2024,KIRŞEHİR,1
203211300,2024,KİLİS,1
203211300,2024,KOCAELİ,3
203211300,2024,KONYA,2
203211300,2024,KÜTAHYA,1
203211300,2024,MALATYA,1
203211300,2024,MANİSA,1
203211300,2024,MUĞLA,1
203211300,2024,NEVŞEHİR,1
203211300,2024,NİĞDE,1
203211300,2024,RİZE,1
203211300,2024,SAMSUN,3
203211300,2024,SİİRT,1
203211300,2024,SİVAS,1
203211300,2024,TEKİRDAĞ,2
203211300,2024,TRABZON,1
203211300,2024,UŞAK,1
203211300,2024,YOZGAT,1
203211300,2024,ZONGULDAK,1
203211302,2022,İSTANBUL,35
203211302,2022,KOCAELİ,1
203211302,2023,İSTANBUL,66
203211302,2023,KASTAMONU,1
203211302,2024,ANKARA,2
203211302,2024,ESKİŞEHİR,1
203211302,2024,İSTANBUL,40
203211302,2024,İZMİR,1
203211302,2024,KOCAELİ,1
203211302,2024,KÜTAHYA,1
203211302,2024,SAKARYA,2
203211302,2024,SAMSUN,1
203211303,2022,ANKARA,2
203211303,2022,ANTALYA,2
203211303,2022,AYDIN,3
203211303,2022,BALIKESİR,1
203211303,2022,BOLU,1
203211303,2022,BURDUR,1
203211303,2022,BURSA,1
203211303,2022,ÇANAKKALE,2
203211303,2022,DENİZLİ,1
203211303,2022,DÜZCE,1
203211303,2022,EDİRNE,3
203211303,2022,ERZURUM,1
203211303,2022,ESKİŞEHİR,4
203211303,2022,GAZİANTEP,2
203211303,2022,ISPARTA,2
203211303,2022,İSTANBUL,177
203211303,2022,İZMİR,2
203211303,2022,KIRKLARELİ,1
203211303,2022,KONYA,1
203211303,2022,KÜTAHYA,2
203211303,2022,MANİSA,1
203211303,2022,MERSİN,1
203211303,2022,SAKARYA,8
203211303,2022,SAMSUN,3
203211303,2022,TEKİRDAĞ,2
203211303,2023,ADANA,1
203211303,2023,ANKARA,1
203211303,2023,ANTALYA,3
203211303,2023,AYDIN,7
203211303,2023,BALIKESİR,4
203211303,2023,BURDUR,2
203211303,2023,ÇANAKKALE,3
203211303,2023,EDİRNE,1
203211303,2023,ELAZIĞ,1
203211303,2023,ESKİŞEHİR,6
203211303,2023,GİRESUN,1
203211303,2023,İSTANBUL,238
203211303,2023,İZMİR,3
203211303,2023,KIRKLARELİ,1
203211303,2023,KKTC-GAZİMAĞUSA,1
203211303,2023,KÜTAHYA,1
203211303,2023,MALATYA,1
203211303,2023,MANİSA,2
203211303,2023,MERSİN,1
203211303,2023,MUĞLA,4
203211303,2023,NEVŞEHİR,1
203211303,2023,NİĞDE,1
203211303,2023,SAKARYA,3
203211303,2023,SAMSUN,2
203211303,2023,TEKİRDAĞ,1
203211303,2023,UŞAK,1
203211303,2023,ZONGULDAK,5
203211303,2024,ARTVİN,1
203211303,2024,BİLECİK,1
203211303,2024,BOLU,1
203211303,2024,ÇORUM,2
203211303,2024,DÜZCE,1
203211303,2024,ERZURUM,3
203211303,2024,GİRESUN,1
203211303,2024,ISPARTA,1
203211303,2024,İSTANBUL,200
203211303,2024,KONYA,7
203211303,2024,ORDU,1
203211303,2024,SAMSUN,1
203211303,2024,SİNOP,1
203211303,2024,SİVAS,4
203211303,2024,TOKAT,1
203211303,2024,TRABZON,2
203211312,2022,ANKARA,2
203211312,2022,BALIKESİR,1
203211312,2022,BOLU,1
203211312,2022,DÜZCE,2
203211312,2022,EDİRNE,2
203211312,2022,ESKİŞEHİR,7
203211312,2022,İSTANBUL,280
203211312,2022,KIRKLARELİ,1
203211312,2022,KOCAELİ,1
203211312,2022,MALATYA,2
203211312,2022,SAKARYA,19
203211312,2022,TRABZON,1
203211312,2022,YALOVA,1
203211312,2023,ANKARA,7
203211312,2023,BARTIN,1
203211312,2023,BOLU,4
203211312,2023,BURSA,1
203211312,2023,ERZURUM,2
203211312,2023,ESKİŞEHİR,8
203211312,2023,GÜMÜŞHANE,1
203211312,2023,İSTANBUL,283
203211312,2023,İZMİR,2
203211312,2023,KARABÜK,1
203211312,2023,KASTAMONU,4
203211312,2023,KIRKLARELİ,3
203211312,2023,KKTC-GAZİMAĞUSA,2
203211312,2023,KKTC-GİRNE,1
203211312,2023,KKTC-GÜZELYURT,1
203211312,2023,KKTC-LEFKOŞA,1
203211312,2023,KOCAELİ,4
203211312,2023,MARDİN,1
203211312,2023,NEVŞEHİR,1
203211312,2023,SAKARYA,1
203211312,2023,SAMSUN,1
203211312,2023,TEKİRDAĞ,1
203211312,2023,TRABZON,6
203211312,2024,İSTANBUL,28
203211312,2024,KOCAELİ,2
203211319,2023,AKSARAY,1
203211319,2023,ANKARA,2
203211319,2023,BAYBURT,1
203211319,2023,BOLU,1
203211319,2023,DENİZLİ,1
203211319,2023,DİYARBAKIR,1
203211319,2023,DÜZCE,1
203211319,2023,EDİRNE,1
203211319,2023,ELAZIĞ,1
203211319,2023,ERZİNCAN,1
203211319,2023,ESKİŞEHİR,1
203211319,2023,GAZİANTEP,2
203211319,2023,GİRESUN,1
203211319,2023,HAKKARİ,1
203211319,2023,İSTANBUL,52
203211319,2023,KAHRAMANMARAŞ,1
203211319,2023,KKTC-GAZİMAĞUSA,2
203211319,2023,KKTC-GİRNE,5
203211319,2023,KKTC-LEFKOŞA,1
203211319,2023,KONYA,1
203211319,2023,MALATYA,1
203211319,2023,MERSİN,1
203211319,2023,MUŞ,1
203211319,2023,NEVŞEHİR,3
203211319,2023,NİĞDE,1
203211319,2023,SİİRT,1
203211319,2023,SİNOP,1
203211319,2023,SİVAS,1
203211319,2023,ŞANLIURFA,1
203211319,2023,TOKAT,1
203211319,2023,TRABZON,2
203211319,2023,VAN,1
203211319,2023,YOZGAT,1
203211319,2024,ANKARA,2
203211319,2024,ANTALYA,1
203211319,2024,BURSA,2
203211319,2024,ERZURUM,1
203211319,2024,İSTANBUL,16
203211326,2023,ADANA,1
203211326,2023,AĞRI,1
203211326,2023,ANKARA,16
203211326,2023,ANTALYA,1
203211326,2023,ARDAHAN,1
203211326,2023,AYDIN,1
203211326,2023,BAKÜ-AZERBAYCAN,1
203211326,2023,BALIKESİR,4
203211326,2023,BARTIN,2
203211326,2023,BOLU,2
203211326,2023,BURSA,5
203211326,2023,ÇANAKKALE,3
203211326,2023,DENİZLİ,1
203211326,2023,DİYARBAKIR,1
203211326,2023,DÜZCE,2
203211326,2023,EDİRNE,4
203211326,2023,ELAZIĞ,1
203211326,2023,ERZURUM,5
203211326,2023,ESKİŞEHİR,5
203211326,2023,GAZİANTEP,1
203211326,2023,GİRESUN,1
203211326,2023,HATAY,1
203211326,2023,IĞDIR,2
203211326,2023,ISPARTA,1
203211326,2023,İSTANBUL,294
203211326,2023,İZMİR,1
203211326,2023,KARABÜK,1
203211326,2023,KARS,1
203211326,2023,KASTAMONU,2
203211326,2023,KAYSERİ,2
203211326,2023,KKTC-GAZİMAĞUSA,1
203211326,2023,KKTC-GİRNE,3
203211326,2023,KKTC-LEFKE,3
203211326,2023,KOCAELİ,4
203211326,2023,KONYA,4
203211326,2023,KÜTAHYA,2
203211326,2023,MUŞ,1
203211326,2023,NEVŞEHİR,1
203211326,2023,RİZE,1
203211326,2023,SAKARYA,8
203211326,2023,SAMSUN,1
203211326,2023,SİİRT,1
203211326,2023,SİNOP,1
203211326,2023,ŞANLIURFA,1
203211326,2023,TEKİRDAĞ,1
203211326,2023,TOKAT,2
203211326,2023,TRABZON,5
203211326,2023,UŞAK,1
203211326,2023,ZONGULDAK,2
203211326,2023,AFYONKARAHİSAR,1
203211326,2024,ADANA,2
203211326,2024,ADIYAMAN,1
203211326,2024,AĞRI,2
203211326,2024,AKSARAY,1
203211326,2024,ANTALYA,4
203211326,2024,ARDAHAN,1
203211326,2024,BALIKESİR,1
203211326,2024,BATMAN,2
203211326,2024,BİNGÖL,2
203211326,2024,BİTLİS,2
203211326,2024,BOLU,3
203211326,2024,BURDUR,1
203211326,2024,BURSA,5
203211326,2024,ÇANAKKALE,1
203211326,2024,DENİZLİ,2
203211326,2024,DİYARBAKIR,1
203211326,2024,ELAZIĞ,2
203211326,2024,ERZİNCAN,1
203211326,2024,ESKİŞEHİR,4
203211326,2024,GAZİANTEP,2
203211326,2024,HATAY,1
203211326,2024,IĞDIR,1
203211326,2024,ISPARTA,2
203211326,2024,İSTANBUL,267
203211326,2024,İZMİR,3
203211326,2024,KARS,1
203211326,2024,KAYSERİ,2
203211326,2024,KIRKLARELİ,1
203211326,2024,KOCAELİ,2
203211326,2024,KONYA,2
203211326,2024,KÜTAHYA,3
203211326,2024,MALATYA,2
203211326,2024,MARDİN,1
203211326,2024,MUĞLA,2
203211326,2024,MUŞ,3
203211326,2024,NEVŞEHİR,2
203211326,2024,OSMANİYE,1
203211326,2024,RİZE,1
203211326,2024,SAKARYA,2
203211326,2024,SAMSUN,2
203211326,2024,SİİRT,1
203211326,2024,SİNOP,2
203211326,2024,SİVAS,1
203211326,2024,ŞANLIURFA,1
203211326,2024,TEKİRDAĞ,1
203211326,2024,TOKAT,1
203211326,2024,TUNCELİ,1
203211326,2024,VAN,2
203211326,2024,ZONGULDAK,1
203211333,2023,İSTANBUL,24
203211333,2023,KKTC-GAZİMAĞUSA,2
203211333,2023,KKTC-GİRNE,4
203211333,2023,KKTC-LEFKE,2
203211333,2023,KKTC-LEFKOŞA,4
203211347,2023,ADIYAMAN,1
203211347,2023,ANKARA,3
203211347,2023,BALIKESİR,1
203211347,2023,ÇANAKKALE,1
203211347,2023,DÜZCE,1
203211347,2023,ERZURUM,2
203211347,2023,ESKİŞEHİR,2
203211347,2023,GİRESUN,1
203211347,2023,İSTANBUL,38
203211347,2023,İZMİR,2
203211347,2023,KIRIKKALE,1
203211347,2023,KKTC-GİRNE,1
203211347,2023,KKTC-LEFKOŞA,2
203211347,2023,KONYA,1
203211347,2023,MANİSA,1
203211347,2023,ZONGULDAK,2
203211347,2024,ANKARA,8
203211347,2024,ARTVİN,1
203211347,2024,EDİRNE,1
203211347,2024,GAZİANTEP,5
203211347,2024,HAKKARİ,2
203211347,2024,İSTANBUL,87
203211347,2024,KASTAMONU,1
203211347,2024,KIBRIS,20
203211347,2024,NİĞDE,2
203211347,2024,ORDU,1
203211347,2024,SİNOP,1
203211354,2023,ADANA,1
203211354,2023,ADIYAMAN,3
203211354,2023,ANKARA,3
203211354,2023,ANTALYA,1
203211354,2023,AYDIN,1
203211354,2023,BALIKESİR,1
203211354,2023,BAYBURT,4
203211354,2023,BOLU,1
203211354,2023,BURDUR,1
203211354,2023,ÇANAKKALE,1
203211354,2023,ÇORUM,2
203211354,2023,DİYARBAKIR,1
203211354,2023,DÜZCE,2
203211354,2023,ELAZIĞ,1
203211354,2023,ERZURUM,3
203211354,2023,ESKİŞEHİR,1
203211354,2023,GAZİANTEP,5
203211354,2023,GİRESUN,2
203211354,2023,HAKKARİ,1
203211354,2023,HATAY,1
203211354,2023,İSTANBUL,142
203211354,2023,İZMİR,1
203211354,2023,KAHRAMANMARAŞ,1
203211354,2023,KIRIKKALE,1
203211354,2023,KİLİS,3
203211354,2023,KKTC-GAZİMAĞUSA,1
203211354,2023,KKTC-GİRNE,4
203211354,2023,KKTC-LEFKE,3
203211354,2023,KKTC-LEFKOŞA,4
203211354,2023,KONYA,2
203211354,2023,MALATYA,2
203211354,2023,MERSİN,3
203211354,2023,MUĞLA,1
203211354,2023,NEVŞEHİR,1
203211354,2023,SAKARYA,1
203211354,2023,SAMSUN,1
203211354,2023,ŞANLIURFA,1
203211354,2023,TOKAT,1
203211354,2023,TRABZON,2
203211354,2023,UŞAK,1
203211354,2023,ZONGULDAK,2
203211354,2023,AFYONKARAHİSAR,1
203211354,2024,ADIYAMAN,1
203211354,2024,ANKARA,5
203211354,2024,ANTALYA,4
203211354,2024,ARTVİN,3
203211354,2024,BARTIN,1
203211354,2024,BOLU,4
203211354,2024,BURDUR,1
203211354,2024,BURSA,3
203211354,2024,ÇANAKKALE,6
203211354,2024,DENİZLİ,2
203211354,2024,DÜZCE,2
203211354,2024,EDİRNE,6
203211354,2024,ERZURUM,1
203211354,2024,ESKİŞEHİR,1
203211354,2024,GAZİANTEP,2
203211354,2024,GİRESUN,1
203211354,2024,HAKKARİ,4
203211354,2024,HATAY,1
203211354,2024,İSTANBUL,153
203211354,2024,İZMİR,5
203211354,2024,KARAMAN,1
203211354,2024,KASTAMONU,3
203211354,2024,KIBRIS,3
203211354,2024,KIRIKKALE,1
203211354,2024,KOCAELİ,1
203211354,2024,MALATYA,1
203211354,2024,NEVŞEHİR,1
203211354,2024,NİĞDE,4
203211354,2024,ORDU,4
203211354,2024,SAKARYA,2
203211354,2024,SAMSUN,3
203211354,2024,SİNOP,5
203211354,2024,SİVAS,1
203211354,2024,TEKİRDAĞ,2
203211354,2024,TOKAT,1
203211354,2024,TRABZON,1
203211354,2024,UŞAK,1
203211354,2024,VAN,4
203211354,2024,ZONGULDAK,1
203211361,2023,ADANA,1
203211361,2023,ANTALYA,1
203211361,2023,BALIKESİR,1
203211361,2023,ÇANKIRI,1
203211361,2023,ERZURUM,1
203211361,2023,GAZİANTEP,2
203211361,2023,GÜMÜŞHANE,1
203211361,2023,İSTANBUL,72
203211361,2023,KAHRAMANMARAŞ,1
203211361,2023,KONYA,4
203211361,2023,MALATYA,2
203211361,2023,MARDİN,1
203211361,2023,MUŞ,1
203211361,2023,NEVŞEHİR,1
203211361,2023,TRABZON,1
203211361,2023,UŞAK,1
203211361,2023,VAN,1
203211361,2023,ZONGULDAK,1
203211361,2024,ADANA,1
203211361,2024,ADIYAMAN,1
203211361,2024,DİYARBAKIR,1
203211361,2024,İSTANBUL,88
203211361,2024,KAHRAMANMARAŞ,2
203211361,2024,MALATYA,2
203211361,2024,TRABZON,3
203211368,2023,ANKARA,1
203211368,2023,ANTALYA,3
203211368,2023,BALIKESİR,6
203211368,2023,BOLU,3
203211368,2023,ÇANAKKALE,3
203211368,2023,EDİRNE,1
203211368,2023,ESKİŞEHİR,1
203211368,2023,İSTANBUL,96
203211368,2023,İZMİR,1
203211368,2023,KAYSERİ,3
203211368,2023,KIRKLARELİ,1
203211368,2023,KOCAELİ,2
203211368,2023,MUĞLA,1
203211368,2023,TEKİRDAĞ,1
203211368,2024,ANKARA,1
203211368,2024,İSTANBUL,102
203211368,2024,KIBRIS,4
203211368,2024,KONYA,1
203211368,2024,NEVŞEHİR,2
203211382,2023,DENİZLİ,2
203211382,2023,ERZURUM,1
203211382,2023,İSTANBUL,139
203211382,2023,KIRKLARELİ,7
203211382,2023,TRABZON,3
203211382,2023,ZONGULDAK,1
203211382,2024,ESKİŞEHİR,6
203211382,2024,İSTANBUL,36
203211382,2024,İZMİR,2
203211389,2023,ANKARA,2
203211389,2023,ANTALYA,1
203211389,2023,BURDUR,1
203211389,2023,ERZURUM,1
203211389,2023,ISPARTA,1
203211389,2023,İSTANBUL,125
203211389,2023,KAYSERİ,2
203211389,2023,KÜTAHYA,1
203211389,2023,MUŞ,1
203211389,2023,UŞAK,1
203211389,2023,YOZGAT,1
203211389,2023,AFYONKARAHİSAR,1
203211389,2024,ERZURUM,3
203211389,2024,ESKİŞEHİR,4
203211389,2024,İSTANBUL,80
203211389,2024,KONYA,1
203211396,2023,ANKARA,1
203211396,2023,İSTANBUL,142
203211396,2023,KKTC-GAZİMAĞUSA,2
203211396,2023,KKTC-LEFKOŞA,3
203211396,2023,KOCAELİ,3
203211396,2024,İSTANBUL,22
203211403,2023,AKSARAY,1
203211403,2023,ANKARA,6
203211403,2023,BARTIN,1
203211403,2023,BİLECİK,1
203211403,2023,BOLU,1
203211403,2023,BURDUR,1
203211403,2023,BURSA,2
203211403,2023,ÇANAKKALE,2
203211403,2023,DÜZCE,9
203211403,2023,EDİRNE,5
203211403,2023,ERZURUM,3
203211403,2023,GİRESUN,1
203211403,2023,İSTANBUL,441
203211403,2023,KAHRAMANMARAŞ,1
203211403,2023,KASTAMONU,1
203211403,2023,KAYSERİ,1
203211403,2023,KIRKLARELİ,1
203211403,2023,KOCAELİ,8
203211403,2023,KONYA,1
203211403,2023,KÜTAHYA,2
203211403,2023,MALATYA,2
203211403,2023,MANİSA,2
203211403,2023,MUĞLA,1
203211403,2023,RİZE,2
203211403,2023,SAKARYA,4
203211403,2023,SAMSUN,1
203211403,2023,SİVAS,1
203211403,2023,TRABZON,2
203211403,2023,YALOVA,1
203211403,2023,ZONGULDAK,4
203211403,2023,AFYONKARAHİSAR,2
203211403,2024,ADIYAMAN,1
203211403,2024,ANKARA,1
203211403,2024,ANTALYA,1
203211403,2024,ARDAHAN,1
203211403,2024,AYDIN,1
203211403,2024,BALIKESİR,2
203211403,2024,BATMAN,1
203211403,2024,BİTLİS,1
203211403,2024,BURSA,4
203211403,2024,ÇANAKKALE,2
203211403,2024,DÜZCE,2
203211403,2024,ERZURUM,1
203211403,2024,GAZİANTEP,2
203211403,2024,HATAY,1
203211403,2024,IĞDIR,1
203211403,2024,İSTANBUL,295
203211403,2024,KAHRAMANMARAŞ,1
203211403,2024,KARAMAN,1
203211403,2024,KOCAELİ,6
203211403,2024,KONYA,5
203211403,2024,MALATYA,1
203211403,2024,MARDİN,1
203211403,2024,MUĞLA,1
203211403,2024,OSMANİYE,1
203211403,2024,SAKARYA,3
203211403,2024,SAMSUN,2
203211403,2024,ŞANLIURFA,1
203211403,2024,TOKAT,1
203211403,2024,TRABZON,1
203211403,2024,VAN,1
203211403,2024,YALOVA,1
203211403,2024,YOZGAT,1
203211403,2024,ZONGULDAK,1
203211417,2023,AKSARAY,1
203211417,2023,AMASYA,2
203211417,2023,ANKARA,1
203211417,2023,ANTALYA,1
203211417,2023,BALIKESİR,3
203211417,2023,BİLECİK,1
203211417,2023,BOLU,2
203211417,2023,BURDUR,1
203211417,2023,BURSA,5
203211417,2023,ÇANAKKALE,3
203211417,2023,ÇORUM,1
203211417,2023,DÜZCE,2
203211417,2023,İSTANBUL,317
203211417,2023,İZMİR,3
203211417,2023,KARABÜK,1
203211417,2023,KIRIKKALE,2
203211417,2023,KOCAELİ,2
203211417,2023,KÜTAHYA,2
203211417,2023,SAKARYA,3
203211417,2023,SAMSUN,2
203211417,2023,TEKİRDAĞ,2
203211417,2023,TRABZON,1
203211417,2024,ANKARA,2
203211417,2024,BOLU,1
203211417,2024,BURSA,2
203211417,2024,ÇANAKKALE,2
203211417,2024,ERZURUM,1
203211417,2024,ESKİŞEHİR,1
203211417,2024,İSTANBUL,176
203211417,2024,KAYSERİ,4
203211417,2024,KOCAELİ,2
203211417,2024,MUĞLA,2
203211417,2024,SAKARYA,1
203211417,2024,TEKİRDAĞ,4
203211424,2023,BURSA,4
203211424,2023,ERZURUM,2
203211424,2023,ESKİŞEHİR,1
203211424,2023,İSTANBUL,168
203211424,2023,İZMİR,1
203211424,2023,KIRIKKALE,1
203211424,2023,KÜTAHYA,5
203211424,2023,MANİSA,1
203211424,2024,ADANA,1
203211424,2024,ANKARA,5
203211424,2024,ANTALYA,3
203211424,2024,ELAZIĞ,1
203211424,2024,GAZİANTEP,2
203211424,2024,İSTANBUL,129
203211424,2024,KAHRAMANMARAŞ,1
203211424,2024,KIBRIS,3
203211424,2024,ŞANLIURFA,1
203211424,2024,TRABZON,1
203211431,2023,ANKARA,7
203211431,2023,ANTALYA,3
203211431,2023,AYDIN,2
203211431,2023,BALIKESİR,2
203211431,2023,ÇANAKKALE,1
203211431,2023,DÜZCE,2
203211431,2023,EDİRNE,2
203211431,2023,ERZURUM,1
203211431,2023,ESKİŞEHİR,2
203211431,2023,İSTANBUL,471
203211431,2023,İZMİR,7
203211431,2023,KAYSERİ,4
203211431,2023,KKTC-GAZİMAĞUSA,2
203211431,2023,KKTC-GİRNE,3
203211431,2023,KOCAELİ,2
203211431,2023,KONYA,9
203211431,2023,KÜTAHYA,1
203211431,2023,NEVŞEHİR,3
203211431,2023,SAKARYA,1
203211431,2023,TRABZON,1
203211431,2023,UŞAK,1
203211431,2023,YALOVA,2
203211431,2024,AFYONKARAHİSAR,1
203211431,2024,ANKARA,4
203211431,2024,ANTALYA,2
203211431,2024,BİLECİK,2
203211431,2024,EDİRNE,1
203211431,2024,GAZİANTEP,1
203211431,2024,İSTANBUL,260
203211431,2024,İZMİR,1
203211431,2024,KAYSERİ,1
203211431,2024,KONYA,7
203211431,2024,NEVŞEHİR,1
203211431,2024,OSMANİYE,2
203211431,2024,SAKARYA,2
203211431,2024,TEKİRDAĞ,1
203211438,2023,BURSA,2
203211438,2023,İSTANBUL,98
203211438,2024,İSTANBUL,17
203211459,2023,ANKARA,2
203211459,2023,İSTANBUL,170
203211459,2023,KKTC-GAZİMAĞUSA,3
203211459,2023,KKTC-GİRNE,3
203211459,2023,KKTC-GÜZELYURT,1
203211459,2023,KKTC-LEFKOŞA,3
203211459,2024,ANKARA,1
203211459,2024,İSTANBUL,23
203211459,2024,KIBRIS,5
203211466,2023,AĞRI,1
203211466,2023,ANKARA,4
203211466,2023,BİŞKEK-KIRGIZİSTAN,1
203211466,2023,BURDUR,3
203211466,2023,ÇANKIRI,1
203211466,2023,ÇORUM,1
203211466,2023,DİYARBAKIR,1
203211466,2023,EDİRNE,2
203211466,2023,ERZURUM,1
203211466,2023,IĞDIR,1
203211466,2023,ISPARTA,1
203211466,2023,İSTANBUL,133
203211466,2023,İZMİR,2
203211466,2023,KAHRAMANMARAŞ,1
203211466,2023,KARAMAN,2
203211466,2023,KARS,2
203211466,2023,KIRIKKALE,1
203211466,2023,KIRŞEHİR,1
203211466,2023,KKTC-LEFKOŞA,1
203211466,2023,KONYA,1
203211466,2023,MUĞLA,1
203211466,2023,MUŞ,1
203211466,2023,NEVŞEHİR,2
203211466,2023,SAMSUN,1
203211466,2023,TEKİRDAĞ,1
203211466,2023,YOZGAT,3
203211466,2023,ZONGULDAK,1
203211466,2023,AFYONKARAHİSAR,1
203211466,2024,AFYONKARAHİSAR,1
203211466,2024,AĞRI,1
203211466,2024,ANKARA,1
203211466,2024,BURSA,1
203211466,2024,GAZİANTEP,6
203211466,2024,İSTANBUL,187
203211466,2024,KAYSERİ,1
203211466,2024,KOCAELİ,1
203211466,2024,KONYA,1
203211466,2024,MERSİN,1
203211466,2024,MUŞ,2
203211466,2024,NEVŞEHİR,2
203211466,2024,SİİRT,1
203211466,2024,SİNOP,1
203211466,2024,ŞIRNAK,1
203211466,2024,TOKAT,1
203211466,2024,TRABZON,1
203211480,2024,İSTANBUL,15
203211480,2024,SAKARYA,1
203211487,2024,ANKARA,5
203211487,2024,ANTALYA,1
203211487,2024,İSTANBUL,110
203211487,2024,İZMİR,1
203211487,2024,KAYSERİ,1
203211487,2024,KIBRIS,12
203211487,2024,KONYA,2
